first_name,last_name,middle_name,suffix,specialty,department,room_number,local_number,login_email,hmo_1,hmo_2,hmo_3,hmo_4,hmo_5,hmo_6,hmo_7,hmo_8,hmo_9,hmo_10,f2f_mon_am_start,f2f_mon_am_end,f2f_mon_pm_start,f2f_mon_pm_end,f2f_tue_am_start,f2f_tue_am_end,f2f_tue_pm_start,f2f_tue_pm_end,f2f_wed_am_start,f2f_wed_am_end,f2f_wed_pm_start,f2f_wed_pm_end,f2f_thu_am_start,f2f_thu_am_end,f2f_thu_pm_start,f2f_thu_pm_end,f2f_fri_am_start,f2f_fri_am_end,f2f_fri_pm_start,f2f_fri_pm_end,f2f_sat_am_start,f2f_sat_am_end,f2f_sat_pm_start,f2f_sat_pm_end,tele_mon_am_start,tele_mon_am_end,tele_mon_pm_start,tele_mon_pm_end,tele_tue_am_start,tele_tue_am_end,tele_tue_pm_start,tele_tue_pm_end,tele_wed_am_start,tele_wed_am_end,tele_wed_pm_start,tele_wed_pm_end,tele_thu_am_start,tele_thu_am_end,tele_thu_pm_start,tele_thu_pm_end,tele_fri_am_start,tele_fri_am_end,tele_fri_pm_start,tele_fri_pm_end,tele_sat_am_start,tele_sat_am_end,tele_sat_pm_start,tele_sat_pm_end,password
ANDREI RHONEIL,RODRIGUEZ,,,Rheumatology,Medicine,Hall A 230,2230,testclinician1@ammc.com,eTIQA (formerly AsianLife),Avega Managed Care,Cocolife Healthcare,Asalus (formerly Intellicare),Maxicare,Health Plan Philippines Inc. (HPPI),EastWest Healthcare,Philcare,Medicard,,9:00,11:00,,,,,,,,,,,9:00,11:00,,,9:00,11:00,,,,,,,,,,,,,,,,,,,,,,,,,,,,,,,stafflogin971
LIZA MARIE,MACEDA-GALANG,,,Rheumatology,Medicine,Hall B 158,7158,testclinician2@ammc.com,eTIQA (formerly AsianLife),Avega Managed Care,Health Plan Philippines Inc. (HPPI),Asalus (formerly Intellicare),Maxicare,Cocolife Healthcare,"AMAPhil, Inc.",Medicard,"Value Care Health Systems, Inc.",,,,3:00,5:00,,,,,,,3:00,5:00,,,,,,,3:00,5:00,,,,,,,,,,,,,,,,,,,,,,,,,,,,,clinicuser916
ARMANDO,LONTOC,,,Rheumatology,Medicine,Hall A 314,2314,testclinician3@ammc.com,Avega Managed Care,Pacific Cross Health Care,Cocolife Healthcare,EastWest Healthcare,Asalus (formerly Intellicare),Medicard,Kaiser International Healthcare Group,"Value Care Health Systems, Inc.",,,,,,,,,1:00,4:00,,,,,,,1:00,4:00,,,,,,,,,,,,,,,,,,,,,,,,,,,,,,,,,testpassword269
JOSEPHINE,LU,,,Rheumatology,Medicine,Hall A 342,2342,testclinician4@ammc.com,,,,,,,,,,,10:00,12:00,12:00,2:00,10:00,12:00,12:00,2:00,10:00,12:00,12:00,2:00,10:00,12:00,12:00,2:00,10:00,12:00,12:00,2:00,,,,,,,,,,,,,,,,,,,,,,,,,,,,,stafflogin371
ANA MONICA,ESTRELLA,,,Rheumatology,Medicine,CPM 1/F R-2,2156,testclinician5@ammc.com,Maxicare,,,,,,,,,,,,,,,,,,,,,,10:00,12:00,12:00,1:00,,,,,10:00,12:00,12:00,1:00,,,,,,,,,,,,,,,,,,,,,,,,,stafflogin342
SORRAH FIEL,BRIONES,,,Rheumatology,Medicine,Hall A 230,2230,testclinician6@ammc.com,Avega Managed Care,Cocolife Healthcare,EastWest Healthcare,Asalus (formerly Intellicare),Medicard,Maxicare,eTIQA (formerly AsianLife),Philcare,Health Maintenance Inc. (HMI),Kaiser International Healthcare Group,,,2:00,4:00,,,,,,,2:00,4:00,,,,,,,2:00,4:00,,,,,,,,,,,,,,,,,,,,,,,,,,,,,stafflogin793
AUGUSTO,VILLARUBIN,,,Rheumatology,Medicine,CPM 3/F R-4,7304,testclinician7@ammc.com,Maxicare,,,,,,,,,,9:30,12:00,12:00,2:00,9:30,12:00,12:00,2:00,9:30,12:00,12:00,2:00,9:30,12:00,12:00,2:00,9:30,12:00,12:00,2:00,,,,,,,,,,,,,,,,,,,,,,,,,,,,,stafflogin668
MA. HANNA MONICA,SOLLANO,,,Rheumatology,Medicine,CPM 3/F R-1,7300,testclinician8@ammc.com,,,,,,,,,,,,,,,,,,,9:30,12:00,,,,,,,10:00,12:00,12:00,3:00,9:30,12:00,,,,,,,,,,,,,,,,,,,,,,,,,,,testaccount324
JOSE PAULO,LORENZO,,,Rheumatology,Medicine,Hall B 343,2343,testclinician9@ammc.com,"AMAPhil, Inc.",,,,,,,,,,10:00,12:00,12:00,2:00,,,,,,,,,10:00,12:00,12:00,2:00,,,,,,,,,,,,,,,,,,,,,,,,,,,,,,,,,clinicuser584
GENEVIEVE,KATIGBAK,,,Rheumatology,Medicine,Hall C 370,2370,testclinician10@ammc.com,eTIQA (formerly AsianLife),Maxicare,Insular Health Care (I-Care),Medicard,Avega Managed Care,Asalus (formerly Intellicare),,,,,,,2:00,5:00,,,,,,,,,10:00,12:00,12:00,1:00,,,2:00,5:00,,,,,,,3:00,5:00,,,3:00,5:00,,,3:00,5:00,,,3:00,5:00,,,3:00,5:00,,,,,testaccount674
SUSIE,AVERIA,,,Rheumatology,Medicine,Hall B 132,7132,testclinician11@ammc.com,,,,,,,,,,,,,,,,,,,,,,,,,2:00,4:00,,,1:00,5:00,,,12:00,4:00,,,,,,,,,,,,,,,,,,,,,,,,,testpassword631
ANNA KRISTINA,GUTIERREZ-RUBIO,,,Rheumatology,Medicine,Hall B 144,3144,testclinician12@ammc.com,,,,,,,,,,,,,,,,,,,,,2:00,5:00,,,,,,,2:00,5:00,,,,,,,,,,,,,,,,,,,,,,,,,,,,,
Gregorio,Buenaventura,Mendoza,,Surgery,Surgery,Hall B 624,6024,synth1@ammc.com,Health Maintenance Inc. (HMI),Maxicare,Carehealth Plus,"Value Care Health Systems, Inc.",,,,,,,,,,,09:30,11:00,15:00,13:00,,,12:00,14:00,,,12:00,14:00,09:30,12:00,,,,,,,,,,,,,,,,,,,,,,,,,,,,,,,testaccount712
Resurreccion,Ramos,Rivera,,Dermatology,Dermatology,Hall B 388,3088,synth2@ammc.com,Asalus (formerly Intellicare),eTIQA (formerly AsianLife),Philcare,Dynamic Care Corporation,Cocolife Healthcare,Caritas Health Shield,Insular Health Care (I-Care),Kaiser International Healthcare Group,Flexicare,Medicard,10:00,12:00,,,10:00,12:00,,,,,,,,,,,,,,,,,15:00,17:00,,,,,,,,,,,,,,,,,,,,,,,,,stafflogin253
Corazon,Reyes,Valdez,,Pediatrics,Pediatrics,Hall B 466,4066,synth3@ammc.com,Health Maintenance Inc. (HMI),Flexicare,"AMAPhil, Inc.",Carehealth Plus,Kaiser International Healthcare Group,Cooperative Health Management Federation,"Medicare Plus, Inc.","Value Care Health Systems, Inc.",Medocare,"Optimum Medical & Healthcare Services, Inc.",,,12:00,16:00,09:30,12:00,,,,,,,,,,,,,,,,,,,,,,,,,,,,,,,,,,,,,,,,,,,clinicuser181
Maria,Salazar,Soriano,,Endocrinology,Endocrinology,Hall C 364,3064,synth4@ammc.com,Carehealth Plus,,,,,,,,,,10:00,11:00,,,,,,,,,14:00,17:00,,,,,,,,,10:00,11:00,12:00,16:00,,,,,,,,,,,,,,,,,,,,,,,,,testaccount988
Leonidas,Pascual,Soriano,,Ophthalmology,Ophthalmology,Hall B 371,3071,synth5@ammc.com,BenLife Insurance Co. Inc.,Philcare,"AMAPhil, Inc.",Wellcare,"Medicare Plus, Inc.",Avega Managed Care,eTIQA (formerly AsianLife),Cooperative Health Management Federation,"Optimum Medical & Healthcare Services, Inc.",EastWest Healthcare,,,15:00,16:00,,,12:00,16:00,,,,,,,,,09:30,12:00,12:00,14:00,,,,,,,,,,,,,,,,,09:00,12:00,,,,,,,,,,,testaccount408
Aida,Villanueva,Soriano,,Orthopedic Surgery,Orthopedic Surgery,Hall C 507,5007,synth6@ammc.com,eTIQA (formerly AsianLife),Medocare,Cooperative Health Management Federation,Insular Health Care (I-Care),Wellcare,Asalus (formerly Intellicare),Flexicare,Caritas Health Shield,Dynamic Care Corporation,Maxicare,,,,,,,,,,,,,,,,,09:30,12:00,14:00,16:00,09:30,12:00,,,,,,,,,,,,,,,,,,,,,,,,,,,testaccount669
Gregorio,Bernardo,,,Allergology & Immunology,Allergology & Immunology,Hall A 361,3061,synth7@ammc.com,"AMAPhil, Inc.","Life & Health HMP, Inc.",Insular Health Care (I-Care),Health Plan Philippines Inc. (HPPI),Health Maintenance Inc. (HMI),Avega Managed Care,Asalus (formerly Intellicare),Carehealth Plus,"Carewell Health Systems, Inc.",EastWest Healthcare,10:00,12:00,13:00,17:00,09:00,11:00,15:00,16:00,,,,,10:00,12:00,14:00,13:00,,,,,,,,,,,,,,,,,10:00,12:00,13:00,16:00,,,,,,,,,09:30,12:00,12:00,14:00,stafflogin571
Rosario,Dela Cruz,Bautista,,Neurology,Neurology,Hall B 396,3096,synth8@ammc.com,"Fortune Life Insurance Co., Inc.",Philcare,Wellcare,"AMAPhil, Inc.","Life & Health HMP, Inc.",eTIQA (formerly AsianLife),"Carewell Health Systems, Inc.",Health Plan Philippines Inc. (HPPI),Flexicare,Cooperative Health Management Federation,,,,,10:00,12:00,,,,,12:00,14:00,,,,,09:30,12:00,,,,,,,,,,,,,,,,,,,,,,,,,,,,,,,testaccount297
Teresita,Delos Reyes,Torres,,Medicine,Medicine,Hall A 208,2008,synth9@ammc.com,Caritas Health Shield,"AMAPhil, Inc.",eTIQA (formerly AsianLife),Kaiser International Healthcare Group,BenLife Insurance Co. Inc.,"Fortune Life Insurance Co., Inc.",,,,,,,,,,,,,,,,,,,,,,,,,10:00,12:00,,,10:00,12:00,15:00,14:00,,,15:00,14:00,,,,,10:00,12:00,,,10:00,12:00,14:00,14:00,,,,,clinicuser522
Alfredo,Co,Rivera,,Pediatrics,Pediatrics,Hall B 446,4046,synth10@ammc.com,"AMAPhil, Inc.","Optimum Medical & Healthcare Services, Inc.",Pacific Cross Health Care,"Value Care Health Systems, Inc.",,,,,,,09:30,12:00,,,,,,,,,,,,,,,10:00,12:00,,,,,,,,,,,,,,,,,,,,,,,,,,,,,,,stafflogin337
Antonio,Soriano,Flores,,Ophthalmology,Ophthalmology,Hall B 376,3076,synth11@ammc.com,Cooperative Health Management Federation,"Medicare Plus, Inc.","AMAPhil, Inc.",Health Maintenance Inc. (HMI),Avega Managed Care,"Life & Health HMP, Inc.","Optimum Medical & Healthcare Services, Inc.",Philcare,,,,,,,,,,,,,,,,,,,,,,,10:00,12:00,15:00,16:00,,,,,,,,,,,,,,,,,,,,,,,,,clinicuser987
Eduardo,Buenaventura,,,Hematology,Hematology,Hall B 502,5002,synth12@ammc.com,,,,,,,,,,,,,,,10:00,12:00,,,,,,,10:00,12:00,,,09:00,12:00,13:00,17:00,10:00,12:00,,,,,,,,,,,,,,,,,,,,,,,,,,,stafflogin525
Filomeno,Cruz,Mendoza,,Nephrology,Nephrology,Hall B 280,2080,synth13@ammc.com,Flexicare,EastWest Healthcare,"Value Care Health Systems, Inc.",Maxicare,"Medicare Plus, Inc.",Health Maintenance Inc. (HMI),Wellcare,,,,,,,,,,,,10:00,11:00,,,10:00,12:00,14:00,17:00,,,,,10:00,12:00,12:00,14:00,09:00,12:00,,,10:00,11:00,,,,,,,,,,,09:30,12:00,15:00,14:00,,,,,stafflogin696
Ernesto,Soriano,,,Allergology & Immunology,Allergology & Immunology,Hall A 306,3006,synth14@ammc.com,Medocare,Pacific Cross Health Care,"Life & Health HMP, Inc.",Avega Managed Care,,,,,,,,,,,,,,,09:00,12:00,,,,,,,,,,,09:30,12:00,12:00,17:00,,,,,,,,,,,,,,,,,,,,,,,,,testpassword429
Ricardo,Medina,,,Obstetrics & Gynecology,Obstetrics & Gynecology,Hall C 254,2054,synth15@ammc.com,eTIQA (formerly AsianLife),Medocare,"Value Care Health Systems, Inc.",Maxicare,"Optimum Medical & Healthcare Services, Inc.",BenLife Insurance Co. Inc.,GetWell Health Systems Inc.,Wellcare,,,,,,,,,,,,,,,09:00,12:00,12:00,17:00,09:30,12:00,,,,,15:00,15:00,,,,,,,,,,,,,,,,,,,,,,,,,clinicuser743
Adoracion,Aquino,Soriano,,Neurology,Neurology,Hall B 338,3038,synth16@ammc.com,Carehealth Plus,Wellcare,"Medicare Plus, Inc.","Value Care Health Systems, Inc.",Medocare,"Life & Health HMP, Inc.",Cooperative Health Management Federation,"Carewell Health Systems, Inc.","Fortune Life Insurance Co., Inc.","AMAPhil, Inc.",,,,,,,,,10:00,12:00,,,,,,,,,,,10:00,12:00,,,10:00,12:00,,,,,,,,,,,,,14:00,17:00,09:30,11:00,,,,,,,testaccount672
Milagros,Sy,Flores,,Pediatrics,Pediatrics,Hall B 457,4057,synth17@ammc.com,Cocolife Healthcare,Kaiser International Healthcare Group,GetWell Health Systems Inc.,Philcare,,,,,,,,,,,,,,,10:00,12:00,14:00,14:00,,,,,,,,,,,,,,,,,10:00,12:00,,,,,,,,,,,10:00,12:00,15:00,14:00,,,,,stafflogin877
Milagros,Manalo,Gonzales,,Surgery,Surgery,Hall B 601,6001,synth18@ammc.com,Pacific Cross Health Care,Health Plan Philippines Inc. (HPPI),Cooperative Health Management Federation,BenLife Insurance Co. Inc.,Kaiser International Healthcare Group,"AMAPhil, Inc.",,,,,09:30,12:00,,,,,,,,,,,,,,,10:00,12:00,,,10:00,12:00,,,,,,,,,,,,,,,,,,,,,,,,,,,testaccount315
Wilfredo,Ocampo,Ocampo,,Medicine,Medicine,Hall A 213,2013,synth19@ammc.com,EastWest Healthcare,"Life & Health HMP, Inc.",Pacific Cross Health Care,Maxicare,"AMAPhil, Inc.",,,,,,,,,,10:00,12:00,12:00,17:00,09:30,12:00,15:00,14:00,,,,,09:30,12:00,,,,,,,,,,,,,,,,,,,,,,,,,,,,,,,testaccount557
Carlo,Mendoza,Aquino,,Endocrinology,Endocrinology,Hall C 398,3098,synth20@ammc.com,Wellcare,Flexicare,GetWell Health Systems Inc.,eTIQA (formerly AsianLife),Maxicare,Medocare,,,,,,,,,,,,,,,,,,,,,10:00,12:00,14:00,17:00,09:00,12:00,13:00,14:00,,,,,,,,,,,,,,,,,,,,,,,,,stafflogin852
Ernesto,Buenaventura,Reyes,,Radiology,Radiology,Hall A 259,2059,synth21@ammc.com,Cooperative Health Management Federation,Cocolife Healthcare,Asalus (formerly Intellicare),"AMAPhil, Inc.",Avega Managed Care,Maxicare,eTIQA (formerly AsianLife),,,,,,,,,,,,,,,,,,,,,,,,10:00,12:00,12:00,17:00,,,,,,,,,,,,,,,,,,,,,,,,,clinicuser916
Felicitas,Flores,,,Oncology,Oncology,Hall A 504,5004,synth22@ammc.com,Avega Managed Care,"AMAPhil, Inc.","Medicare Plus, Inc.",Cocolife Healthcare,Philcare,Medicard,Health Maintenance Inc. (HMI),"Value Care Health Systems, Inc.",Flexicare,Health Plan Philippines Inc. (HPPI),09:30,12:00,,,10:00,12:00,12:00,14:00,,,,,10:00,12:00,,,,,,,,,,,,,,,,,,,,,,,,,,,,,,,,,,,stafflogin761
Aida,Manalo,Castillo,,Ophthalmology,Ophthalmology,Hall B 359,3059,synth23@ammc.com,Dynamic Care Corporation,"Medicare Plus, Inc.",Flexicare,"AMAPhil, Inc.",Insular Health Care (I-Care),Cooperative Health Management Federation,,,,,,,,,09:30,12:00,12:00,17:00,,,,,,,,,09:00,12:00,12:00,17:00,,,,,,,,,,,,,,,,,,,,,,,,,,,,,testaccount354
Herminia,Aquino,Castillo,,Dental Medicine,Dental Medicine,Hall C 137,1037,synth24@ammc.com,"Optimum Medical & Healthcare Services, Inc.",Caritas Health Shield,eTIQA (formerly AsianLife),Maxicare,Insular Health Care (I-Care),Dynamic Care Corporation,,,,,,,,,,,14:00,17:00,,,,,,,,,10:00,12:00,12:00,16:00,,,,,,,,,,,,,,,,,,,,,,,,,,,,,stafflogin718
Ramon,Co,Reyes,,Otorhinolaryngology,Otorhinolaryngology,Hall A 388,3088,synth25@ammc.com,"Optimum Medical & Healthcare Services, Inc.",Caritas Health Shield,EastWest Healthcare,"Life & Health HMP, Inc.","AMAPhil, Inc.",Medicard,Maxicare,Asalus (formerly Intellicare),GetWell Health Systems Inc.,Health Maintenance Inc. (HMI),,,,,,,,,,,,,09:00,12:00,,,,,,,,,,,09:00,12:00,,,09:30,12:00,15:00,14:00,10:00,12:00,,,,,,,,,,,09:00,11:00,12:00,14:00,testaccount608
Aida,Mendoza,Ocampo,,Allergology & Immunology,Allergology & Immunology,Hall A 307,3007,synth26@ammc.com,Medocare,"Optimum Medical & Healthcare Services, Inc.","Fortune Life Insurance Co., Inc.",Cooperative Health Management Federation,,,,,,,09:30,12:00,12:00,14:00,,,,,,,,,,,,,,,12:00,17:00,,,,,,,,,,,,,,,,,,,,,,,,,,,,,testaccount303
Ramon,Velasquez,Torres,,Gastroenterology,Gastroenterology,Hall A 477,4077,synth27@ammc.com,Cocolife Healthcare,GetWell Health Systems Inc.,"Fortune Life Insurance Co., Inc.",Philcare,EastWest Healthcare,"AMAPhil, Inc.","Value Care Health Systems, Inc.",Flexicare,"Optimum Medical & Healthcare Services, Inc.",,,,,,,,,,,,,,,,,,09:00,12:00,13:00,17:00,09:30,12:00,12:00,17:00,,,,,,,,,,,,,,,,,,,,,,,,,clinicuser292
Renato,Valdez,,,Endocrinology,Endocrinology,Hall C 373,3073,synth28@ammc.com,Medocare,EastWest Healthcare,eTIQA (formerly AsianLife),Medicard,"Medicare Plus, Inc.",Insular Health Care (I-Care),,,,,,,,,,,,,09:30,12:00,12:00,14:00,,,,,,,13:00,14:00,,,,,,,,,,,,,,,,,,,,,,,,,,,,,testpassword504
Herminia,Torres,Cruz,,Dermatology,Dermatology,Hall B 383,3083,synth29@ammc.com,GetWell Health Systems Inc.,Insular Health Care (I-Care),Avega Managed Care,"Life & Health HMP, Inc.",Cocolife Healthcare,Wellcare,Cooperative Health Management Federation,,,,,,,,,,,,09:00,12:00,12:00,17:00,,,,,09:30,12:00,12:00,14:00,,,,,,,,,,,,,,,,,,,,,,,,,,,,,stafflogin230
Felicitas,Pascual,Castillo,,Pulmonary Medicine,Pulmonary Medicine,Hall C 341,3041,synth30@ammc.com,Avega Managed Care,EastWest Healthcare,BenLife Insurance Co. Inc.,Cocolife Healthcare,Dynamic Care Corporation,Medocare,,,,,,,14:00,17:00,,,,,,,,,,,,,10:00,11:00,14:00,17:00,10:00,12:00,,,,,,,,,,,,,,,,,,,,,,,,,,,clinicuser939
Antonio,Tan,Soriano,,Pediatrics,Pediatrics,Hall B 469,4069,synth31@ammc.com,Kaiser International Healthcare Group,BenLife Insurance Co. Inc.,Cooperative Health Management Federation,Carehealth Plus,eTIQA (formerly AsianLife),"Medicare Plus, Inc.",,,,,,,,,10:00,12:00,,,10:00,11:00,14:00,17:00,,,,,09:30,12:00,,,,,,,,,,,,,,,,,,,,,,,,,,,,,,,stafflogin862
Herminia,Padilla,Soriano,,Gastroenterology,Gastroenterology,Hall A 478,4078,synth32@ammc.com,Flexicare,Health Plan Philippines Inc. (HPPI),EastWest Healthcare,,,,,,,,,,,,,,,,,,,,10:00,12:00,14:00,16:00,,,,,10:00,12:00,12:00,17:00,,,,,,,,,,,,,,,,,,,,,,,,,testpassword291
Elena,Medina,Mendoza,,Pulmonary Medicine,Pulmonary Medicine,Hall C 386,3086,synth33@ammc.com,Kaiser International Healthcare Group,,,,,,,,,,,,,,10:00,12:00,12:00,14:00,10:00,12:00,,,,,,,,,12:00,14:00,09:30,12:00,,,,,,,,,,,,,,,,,,,,,,,,,,,stafflogin469
Eugenio,Padilla,,,Emergency Medicine,Emergency Medicine,Hall A 151,1051,synth34@ammc.com,EastWest Healthcare,"Value Care Health Systems, Inc.",BenLife Insurance Co. Inc.,Caritas Health Shield,Health Maintenance Inc. (HMI),GetWell Health Systems Inc.,"Medicare Plus, Inc.","Life & Health HMP, Inc.",Medicard,Maxicare,,,,,,,,,,,14:00,17:00,,,,,10:00,11:00,15:00,14:00,,,14:00,17:00,,,15:00,17:00,,,,,,,,,10:00,11:00,,,,,,,,,,,testpassword641
Antonio,Guerrero,Torres,,Orthopedic Surgery,Orthopedic Surgery,Hall C 502,5002,synth35@ammc.com,"Optimum Medical & Healthcare Services, Inc.","Life & Health HMP, Inc.",Dynamic Care Corporation,Carehealth Plus,,,,,,,,,,,10:00,12:00,14:00,17:00,10:00,12:00,15:00,17:00,,,,,,,,,,,,,10:00,12:00,15:00,14:00,,,,,,,,,09:00,12:00,14:00,16:00,,,,,09:00,12:00,12:00,17:00,clinicuser572
Renato,Tolentino,,,Dental Medicine,Dental Medicine,Hall C 162,1062,synth36@ammc.com,Dynamic Care Corporation,Carehealth Plus,"Carewell Health Systems, Inc.",Insular Health Care (I-Care),GetWell Health Systems Inc.,,,,,,,,,,,,,,10:00,12:00,15:00,16:00,,,,,,,,,,,,,10:00,11:00,,,09:00,12:00,12:00,14:00,,,,,10:00,11:00,,,,,,,09:00,12:00,,,clinicuser863
Soledad,Medina,Torres,,Anesthesiology,Anesthesiology,Hall B 478,4078,synth37@ammc.com,"Fortune Life Insurance Co., Inc.",Medicard,Dynamic Care Corporation,"Value Care Health Systems, Inc.",Health Plan Philippines Inc. (HPPI),Cooperative Health Management Federation,Flexicare,,,,,,12:00,16:00,,,,,,,,,10:00,12:00,12:00,17:00,09:00,11:00,12:00,14:00,,,,,,,,,,,,,10:00,12:00,,,,,,,,,,,10:00,11:00,,,testpassword867
Eduardo,Dela Cruz,Torres,,Pediatrics,Pediatrics,Hall B 413,4013,synth38@ammc.com,Carehealth Plus,,,,,,,,,,,,,,,,,,10:00,11:00,12:00,17:00,10:00,12:00,,,09:00,12:00,15:00,17:00,,,,,,,,,,,,,,,,,,,,,,,,,,,,,clinicuser124
Felicitas,Delos Reyes,Gonzales,,Surgery,Surgery,Hall B 646,6046,synth39@ammc.com,Maxicare,BenLife Insurance Co. Inc.,"Optimum Medical & Healthcare Services, Inc.",Dynamic Care Corporation,eTIQA (formerly AsianLife),Pacific Cross Health Care,Insular Health Care (I-Care),Carehealth Plus,Cocolife Healthcare,,,,,,,,,,09:30,12:00,12:00,17:00,,,15:00,14:00,10:00,12:00,14:00,17:00,,,,,,,,,,,,,,,,,,,,,,,,,,,,,stafflogin539
Eduardo,Bernardo,Aquino,,Ophthalmology,Ophthalmology,Hall B 336,3036,synth40@ammc.com,Health Maintenance Inc. (HMI),Philcare,Wellcare,Maxicare,"Optimum Medical & Healthcare Services, Inc.",Medicard,,,,,10:00,11:00,,,,,,,09:00,12:00,15:00,16:00,,,,,10:00,11:00,12:00,17:00,09:30,12:00,13:00,13:00,,,,,,,,,,,,,,,,,,,,,,,,,clinicuser186
Filomeno,Cruz,Santos,,Dermatology,Dermatology,Hall B 365,3065,synth41@ammc.com,Caritas Health Shield,"Fortune Life Insurance Co., Inc.","Optimum Medical & Healthcare Services, Inc.",Wellcare,"Life & Health HMP, Inc.",,,,,,,,,,09:30,12:00,,,,,12:00,17:00,,,,,,,,,,,,,,,14:00,14:00,,,,,,,,,10:00,12:00,14:00,13:00,,,12:00,17:00,09:30,12:00,15:00,13:00,stafflogin657
Domingo,Rivera,Garcia,,Oncology,Oncology,Hall A 587,5087,synth42@ammc.com,"Optimum Medical & Healthcare Services, Inc.",,,,,,,,,,,,,,10:00,12:00,15:00,16:00,,,,,,,,,10:00,12:00,,,,,,,,,,,,,,,,,,,,,,,,,,,,,,,stafflogin532
Roberto,Ocampo,Ocampo,,Radiology,Radiology,Hall A 272,2072,synth43@ammc.com,Insular Health Care (I-Care),Wellcare,"AMAPhil, Inc.",Philcare,Flexicare,,,,,,,,,,,,,,09:30,12:00,13:00,14:00,09:30,12:00,,,09:00,12:00,,,,,,,,,,,,,,,,,,,,,,,,,,,,,,,stafflogin471
Renato,Padilla,Mendoza,,Surgery,Surgery,Hall B 607,6007,synth44@ammc.com,Philcare,Caritas Health Shield,Pacific Cross Health Care,Avega Managed Care,Flexicare,Health Plan Philippines Inc. (HPPI),EastWest Healthcare,Dynamic Care Corporation,"Fortune Life Insurance Co., Inc.",Cocolife Healthcare,,,,,,,,,,,14:00,16:00,,,,,,,,,,,,,,,,,,,,,,,,,,,,,,,,,,,,,testpassword852
Rodolfo,Santos,Mendoza,,Orthopedic Surgery,Orthopedic Surgery,Hall C 586,5086,synth45@ammc.com,Health Maintenance Inc. (HMI),"Life & Health HMP, Inc.",,,,,,,,,,,,,,,,,10:00,12:00,12:00,16:00,,,,,10:00,12:00,15:00,17:00,09:30,12:00,12:00,17:00,,,,,,,,,,,,,,,,,,,,,,,,,stafflogin663
Juan,Romero,,,Anesthesiology,Anesthesiology,Hall B 455,4055,synth46@ammc.com,"Value Care Health Systems, Inc.",Philcare,eTIQA (formerly AsianLife),Wellcare,Health Plan Philippines Inc. (HPPI),Insular Health Care (I-Care),Medicard,"Optimum Medical & Healthcare Services, Inc.",,,09:30,12:00,14:00,14:00,,,,,,,,,,,,,,,,,09:30,12:00,,,,,,,10:00,12:00,12:00,13:00,,,,,,,,,,,,,,,,,clinicuser707
Juan,Aguilar,Torres,,Dental Medicine,Dental Medicine,Hall C 175,1075,synth47@ammc.com,Kaiser International Healthcare Group,Asalus (formerly Intellicare),Pacific Cross Health Care,Health Plan Philippines Inc. (HPPI),Medicard,,,,,,,,12:00,17:00,,,,,,,,,,,,,,,,,,,,,,,,,,,,,,,,,,,,,,,,,,,,,testpassword915
Fernando,Garcia,Castillo,,Oncology,Oncology,Hall A 561,5061,synth48@ammc.com,"Fortune Life Insurance Co., Inc.","Value Care Health Systems, Inc.",Insular Health Care (I-Care),EastWest Healthcare,"Life & Health HMP, Inc.",Asalus (formerly Intellicare),Health Maintenance Inc. (HMI),BenLife Insurance Co. Inc.,Dynamic Care Corporation,Carehealth Plus,09:00,12:00,,,10:00,12:00,,,10:00,12:00,14:00,16:00,,,15:00,13:00,,,,,,,,,,,,,,,,,,,,,,,,,,,,,,,,,clinicuser470
Roberto,Santiago,Rivera,,Cardiology,Cardiology,Hall A 248,2048,synth49@ammc.com,Insular Health Care (I-Care),Wellcare,Caritas Health Shield,BenLife Insurance Co. Inc.,"Fortune Life Insurance Co., Inc.","Optimum Medical & Healthcare Services, Inc.",Pacific Cross Health Care,eTIQA (formerly AsianLife),,,09:30,12:00,12:00,16:00,,,,,09:00,12:00,12:00,14:00,,,,,10:00,12:00,14:00,16:00,,,,,,,,,,,,,,,,,,,,,,,,,,,,,stafflogin450
Ernesto,Ocampo,Gonzales,,Nephrology,Nephrology,Hall B 249,2049,synth50@ammc.com,Insular Health Care (I-Care),"AMAPhil, Inc.","Value Care Health Systems, Inc.",,,,,,,,,,,,09:30,12:00,,,09:30,12:00,12:00,14:00,10:00,12:00,,,,,,,,,,,,,,,,,,,,,,,,,,,,,,,,,,,stafflogin886
Ramon,Perez,,,Anesthesiology,Anesthesiology,Hall B 491,4091,synth51@ammc.com,"Fortune Life Insurance Co., Inc.",Medicard,Dynamic Care Corporation,Health Maintenance Inc. (HMI),Cocolife Healthcare,,,,,,,,,,,,,,10:00,12:00,,,,,,,10:00,12:00,,,,,15:00,16:00,,,,,,,,,,,,,,,,,,,,,,,,,stafflogin407
Juan,Bernardo,Santos,,Emergency Medicine,Emergency Medicine,Hall A 180,1080,synth52@ammc.com,Insular Health Care (I-Care),Wellcare,Avega Managed Care,,,,,,,,10:00,12:00,,,09:30,12:00,12:00,14:00,10:00,12:00,,,,,14:00,16:00,,,,,,,,,,,,,,,,,,,,,,,,,,,,,,,,,testaccount973
Isabel,Santiago,,,Dental Medicine,Dental Medicine,Hall C 132,1032,synth53@ammc.com,Philcare,"Fortune Life Insurance Co., Inc.",Health Maintenance Inc. (HMI),,,,,,,,10:00,12:00,,,10:00,11:00,14:00,15:00,,,,,10:00,11:00,12:00,17:00,09:00,12:00,,,,,,,,,,,,,,,,,,,,,,,,,,,,,,,stafflogin568
Remedios,Concepcion,Flores,,Cardiology,Cardiology,Hall A 290,2090,synth54@ammc.com,Insular Health Care (I-Care),Kaiser International Healthcare Group,"Optimum Medical & Healthcare Services, Inc.",Medocare,Flexicare,Cocolife Healthcare,"Medicare Plus, Inc.",,,,,,,,,,12:00,14:00,,,,,09:00,12:00,,,,,,,09:30,12:00,,,,,,,,,,,,,,,,,,,,,,,,,,,testpassword985
Rosa,Delos Reyes,Bautista,,Dermatology,Dermatology,Hall B 339,3039,synth55@ammc.com,Asalus (formerly Intellicare),Cooperative Health Management Federation,"Value Care Health Systems, Inc.",Caritas Health Shield,Kaiser International Healthcare Group,"AMAPhil, Inc.",,,,,,,,,,,,,,,,,,,13:00,17:00,09:30,12:00,12:00,15:00,,,,,10:00,12:00,14:00,16:00,10:00,12:00,12:00,17:00,,,15:00,14:00,,,,,,,,,10:00,12:00,,,stafflogin502
Teresita,Ocampo,Garcia,,Cardiology,Cardiology,Hall A 210,2010,synth56@ammc.com,Maxicare,"Carewell Health Systems, Inc.","Life & Health HMP, Inc.","AMAPhil, Inc.",Health Maintenance Inc. (HMI),"Medicare Plus, Inc.",Wellcare,Philcare,"Optimum Medical & Healthcare Services, Inc.",Asalus (formerly Intellicare),,,,,,,,,,,,,10:00,12:00,,,10:00,12:00,12:00,17:00,,,,,,,,,,,,,,,,,,,,,,,,,,,,,stafflogin593
Rosa,Tan,Mendoza,,Ophthalmology,Ophthalmology,Hall B 327,3027,synth57@ammc.com,Maxicare,,,,,,,,,,,,,,09:30,12:00,,,,,,,,,,,10:00,12:00,12:00,16:00,10:00,12:00,13:00,17:00,,,,,,,,,,,,,,,,,,,,,,,,,stafflogin681
Aida,Valdez,Ramos,,Surgery,Surgery,Hall B 659,6059,synth58@ammc.com,Carehealth Plus,"AMAPhil, Inc.",EastWest Healthcare,Medicard,Kaiser International Healthcare Group,Insular Health Care (I-Care),,,,,,,,,,,,,,,,,,,,,,,12:00,14:00,,,,,,,,,,,,,,,,,,,,,,,,,,,,,stafflogin643
Victorino,Aguilar,Gonzales,,Pediatrics,Pediatrics,Hall B 479,4079,synth59@ammc.com,Avega Managed Care,Asalus (formerly Intellicare),Medicard,"Medicare Plus, Inc.",Cooperative Health Management Federation,,,,,,,,,,,,,,09:30,12:00,,,10:00,12:00,,,,,12:00,17:00,,,,,,,,,,,,,,,,,,,,,,,,,,,,,testaccount565
Milagros,Domingo,Bautista,,Gastroenterology,Gastroenterology,Hall A 401,4001,synth60@ammc.com,Maxicare,Wellcare,GetWell Health Systems Inc.,"Medicare Plus, Inc.",Philcare,"Carewell Health Systems, Inc.",EastWest Healthcare,,,,,,,,10:00,12:00,15:00,17:00,,,14:00,14:00,,,,,,,,,,,,,10:00,11:00,12:00,14:00,,,,,,,,,,,,,09:30,12:00,13:00,17:00,09:30,12:00,12:00,15:00,clinicuser220
Soledad,Enriquez,Ocampo,,Neurology,Neurology,Hall B 359,3059,synth61@ammc.com,BenLife Insurance Co. Inc.,"Fortune Life Insurance Co., Inc.","Optimum Medical & Healthcare Services, Inc.",eTIQA (formerly AsianLife),,,,,,,,,,,,,,,,,12:00,14:00,09:00,12:00,15:00,14:00,10:00,12:00,,,,,,,09:30,12:00,,,,,,,,,,,,,,,,,,,09:30,11:00,12:00,16:00,clinicuser595
Filomeno,Ramos,Ramos,,Otorhinolaryngology,Otorhinolaryngology,Hall A 394,3094,synth62@ammc.com,Cocolife Healthcare,Cooperative Health Management Federation,Flexicare,Maxicare,Insular Health Care (I-Care),"Optimum Medical & Healthcare Services, Inc.",Kaiser International Healthcare Group,Health Maintenance Inc. (HMI),Medocare,Wellcare,,,,,,,,,,,,,10:00,12:00,,,,,,,10:00,11:00,13:00,17:00,,,,,,,,,,,,,,,,,,,,,,,,,testpassword452
Danilo,Mendoza,Flores,,Allergology & Immunology,Allergology & Immunology,Hall A 315,3015,synth63@ammc.com,"Carewell Health Systems, Inc.","Value Care Health Systems, Inc.",GetWell Health Systems Inc.,eTIQA (formerly AsianLife),Wellcare,"Life & Health HMP, Inc.",Health Plan Philippines Inc. (HPPI),,,,,,,,,,,,09:00,12:00,,,10:00,12:00,,,10:00,12:00,,,09:00,11:00,12:00,17:00,,,,,,,,,,,,,,,,,,,,,,,,,clinicuser686
Cecilia,Enriquez,Rivera,,Dental Medicine,Dental Medicine,Hall C 153,1053,synth64@ammc.com,GetWell Health Systems Inc.,Flexicare,Caritas Health Shield,Cooperative Health Management Federation,Carehealth Plus,Insular Health Care (I-Care),Medicard,Philcare,"Carewell Health Systems, Inc.",,09:00,12:00,,,09:30,12:00,,,,,,,,,,,10:00,11:00,,,,,,,,,,,,,,,,,,,,,,,,,,,,,,,testaccount129
Ernesto,Evangelista,Aquino,,Ophthalmology,Ophthalmology,Hall B 321,3021,synth65@ammc.com,"AMAPhil, Inc.",Cooperative Health Management Federation,GetWell Health Systems Inc.,"Carewell Health Systems, Inc.",Pacific Cross Health Care,"Value Care Health Systems, Inc.",eTIQA (formerly AsianLife),Health Plan Philippines Inc. (HPPI),Dynamic Care Corporation,Medocare,,,12:00,14:00,10:00,12:00,,,,,,,10:00,12:00,,,09:30,12:00,12:00,14:00,,,,,,,,,,,,,,,,,,,,,,,,,,,,,stafflogin748
Ronaldo,Aguilar,Cruz,,Cardiology,Cardiology,Hall A 240,2040,synth66@ammc.com,"AMAPhil, Inc.",,,,,,,,,,,,14:00,13:00,,,,,,,12:00,17:00,,,,,,,,,10:00,12:00,12:00,14:00,,,,,,,,,,,,,,,,,,,,,,,,,testpassword767
Concepcion,Torres,Reyes,,Allergology & Immunology,Allergology & Immunology,Hall A 385,3085,synth67@ammc.com,Wellcare,,,,,,,,,,,,,,,,,,,,,,09:00,11:00,14:00,15:00,10:00,12:00,14:00,17:00,,,,,09:30,12:00,,,,,,,,,12:00,14:00,,,,,,,,,09:00,11:00,,,testaccount831
Aida,Manalo,Rivera,,Otorhinolaryngology,Otorhinolaryngology,Hall A 385,3085,synth68@ammc.com,Philcare,"Value Care Health Systems, Inc.",Carehealth Plus,Wellcare,Pacific Cross Health Care,"Medicare Plus, Inc.",,,,,,,,,,,,,,,,,10:00,11:00,15:00,17:00,,,,,10:00,12:00,,,,,,,,,,,,,,,,,,,,,,,,,,,stafflogin682
Eugenio,Sy,Flores,,Otorhinolaryngology,Otorhinolaryngology,Hall A 353,3053,synth69@ammc.com,"Life & Health HMP, Inc.",Maxicare,Health Plan Philippines Inc. (HPPI),"Medicare Plus, Inc.",Medocare,,,,,,09:30,12:00,,,,,,,,,,,10:00,12:00,,,,,,,10:00,11:00,13:00,17:00,,,,,,,,,,,,,,,,,,,,,,,,,stafflogin241
Lourdes,Padilla,Castillo,,Dental Medicine,Dental Medicine,Hall C 192,1092,synth70@ammc.com,"Life & Health HMP, Inc.","Carewell Health Systems, Inc.",Asalus (formerly Intellicare),eTIQA (formerly AsianLife),Pacific Cross Health Care,Kaiser International Healthcare Group,Caritas Health Shield,Cooperative Health Management Federation,Medocare,,09:30,12:00,,,,,,,10:00,12:00,14:00,17:00,,,,,,,,,,,,,,,,,,,,,,,,,,,,,,,,,,,,,testpassword270
Maricel,Marquez,Garcia,,Dermatology,Dermatology,Hall B 359,3059,synth71@ammc.com,Avega Managed Care,eTIQA (formerly AsianLife),Medocare,"Optimum Medical & Healthcare Services, Inc.",Kaiser International Healthcare Group,EastWest Healthcare,"Value Care Health Systems, Inc.",Caritas Health Shield,,,09:30,12:00,12:00,13:00,09:30,12:00,,,,,,,,,,,,,,,,,15:00,17:00,,,,,,,,,,,,,,,,,,,,,,,,,clinicuser165
Renato,Padilla,Soriano,,Radiology,Radiology,Hall A 284,2084,synth72@ammc.com,Carehealth Plus,Caritas Health Shield,Maxicare,Medocare,Avega Managed Care,Pacific Cross Health Care,Philcare,EastWest Healthcare,Cooperative Health Management Federation,GetWell Health Systems Inc.,,,,,,,,,09:00,12:00,12:00,14:00,,,14:00,16:00,10:00,12:00,14:00,13:00,,,,,,,,,,,,,,,,,,,,,,,,,,,,,clinicuser385
Miguel,Salazar,,,Medicine,Medicine,Hall A 257,2057,synth73@ammc.com,Medicard,"AMAPhil, Inc.",GetWell Health Systems Inc.,,,,,,,,,,,,,,,,,,,,,,12:00,14:00,10:00,12:00,12:00,17:00,,,,,,,,,,,,,,,,,,,,,,,,,,,,,testpassword550
Jose,Gonzales,Gonzales,,Orthopedic Surgery,Orthopedic Surgery,Hall C 502,5002,synth74@ammc.com,Avega Managed Care,,,,,,,,,,,,,,10:00,11:00,15:00,13:00,,,,,,,12:00,16:00,10:00,12:00,12:00,17:00,,,,,,,,,,,,,,,,,,,,,,,,,,,,,testpassword720
Miguel,Santiago,Mendoza,,Endocrinology,Endocrinology,Hall C 305,3005,synth75@ammc.com,Wellcare,"Medicare Plus, Inc.",Philcare,,,,,,,,,,12:00,13:00,,,,,,,,,,,15:00,17:00,,,,,,,,,,,,,,,,,,,,,,,,,,,,,,,,,clinicuser722
Isabel,Gonzales,Santos,,Allergology & Immunology,Allergology & Immunology,Hall A 309,3009,synth76@ammc.com,EastWest Healthcare,"Carewell Health Systems, Inc.","Life & Health HMP, Inc.",Dynamic Care Corporation,eTIQA (formerly AsianLife),Health Maintenance Inc. (HMI),Avega Managed Care,,,,,,15:00,16:00,,,12:00,17:00,,,,,09:30,12:00,15:00,17:00,,,,,10:00,11:00,14:00,16:00,,,,,,,,,,,,,,,,,,,,,,,,,testaccount484
Natividad,Dela Vega,,,Hematology,Hematology,Hall B 537,5037,synth77@ammc.com,Carehealth Plus,eTIQA (formerly AsianLife),Pacific Cross Health Care,Dynamic Care Corporation,Maxicare,Caritas Health Shield,Wellcare,"AMAPhil, Inc.",,,10:00,12:00,14:00,17:00,,,,,09:00,12:00,12:00,16:00,09:30,12:00,12:00,14:00,,,,,10:00,12:00,15:00,17:00,,,,,,,,,,,,,,,,,,,,,,,,,testaccount292
Eduardo,Padilla,Gonzales,,Neurology,Neurology,Hall B 390,3090,synth78@ammc.com,Avega Managed Care,Medocare,EastWest Healthcare,"Carewell Health Systems, Inc.",GetWell Health Systems Inc.,"Life & Health HMP, Inc.",,,,,,,,,,,,,,,,,,,15:00,13:00,,,,,,,,,,,,,,,14:00,16:00,10:00,12:00,,,,,,,,,,,10:00,12:00,,,testaccount314
Maricel,Ocampo,,,Anesthesiology,Anesthesiology,Hall B 473,4073,synth79@ammc.com,Health Maintenance Inc. (HMI),"Medicare Plus, Inc.",Medocare,"Value Care Health Systems, Inc.",Dynamic Care Corporation,,,,,,,,,,,,,,10:00,12:00,,,10:00,12:00,,,,,,,10:00,12:00,,,,,,,,,,,,,,,,,,,,,,,,,,,clinicuser562
Eugenio,Marquez,Soriano,,Oncology,Oncology,Hall A 517,5017,synth80@ammc.com,Medicard,Caritas Health Shield,Avega Managed Care,,,,,,,,09:30,12:00,,,,,15:00,17:00,10:00,12:00,,,,,,,,,,,,,,,,,,,,,,,,,,,10:00,12:00,,,09:30,12:00,12:00,17:00,10:00,12:00,12:00,14:00,clinicuser516
Ana,Perez,,,Allergology & Immunology,Allergology & Immunology,Hall A 375,3075,synth81@ammc.com,Maxicare,"Life & Health HMP, Inc.",Medicard,eTIQA (formerly AsianLife),Health Maintenance Inc. (HMI),Avega Managed Care,Wellcare,Insular Health Care (I-Care),EastWest Healthcare,BenLife Insurance Co. Inc.,,,,,,,,,10:00,11:00,14:00,16:00,,,,,,,,,09:30,12:00,14:00,16:00,,,,,,,,,,,,,,,,,,,,,,,,,testaccount914
Aida,Aguilar,Mendoza,,Oncology,Oncology,Hall A 521,5021,synth82@ammc.com,Philcare,Asalus (formerly Intellicare),Caritas Health Shield,,,,,,,,10:00,12:00,12:00,16:00,09:30,12:00,13:00,13:00,,,,,,,,,09:30,12:00,12:00,14:00,,,12:00,17:00,,,,,,,,,,,,,,,,,,,,,,,,,stafflogin748
Manuel,Concepcion,Aquino,,Neurology,Neurology,Hall B 312,3012,synth83@ammc.com,Dynamic Care Corporation,Medocare,"Medicare Plus, Inc.","AMAPhil, Inc.",Caritas Health Shield,Health Maintenance Inc. (HMI),Flexicare,,,,10:00,11:00,,,,,,,10:00,12:00,15:00,14:00,,,,,,,,,09:30,12:00,,,,,,,,,,,,,,,,,,,,,,,,,,,testaccount452
Carlo,Santiago,,,Pediatrics,Pediatrics,Hall B 452,4052,synth84@ammc.com,eTIQA (formerly AsianLife),Medicard,"Optimum Medical & Healthcare Services, Inc.",,,,,,,,10:00,12:00,13:00,17:00,10:00,12:00,15:00,16:00,10:00,11:00,15:00,13:00,,,,,,,,,,,,,,,,,,,,,,,,,,,,,,,,,,,,,stafflogin526
Lourdes,Delos Reyes,,,Endocrinology,Endocrinology,Hall C 367,3067,synth85@ammc.com,Avega Managed Care,Carehealth Plus,GetWell Health Systems Inc.,Pacific Cross Health Care,EastWest Healthcare,Cocolife Healthcare,"Value Care Health Systems, Inc.","AMAPhil, Inc.",,,,,,,09:30,12:00,,,10:00,12:00,,,09:00,12:00,,,,,,,10:00,12:00,,,,,,,,,,,,,,,,,,,,,,,,,,,testaccount181
Natividad,Soriano,Rivera,,Endocrinology,Endocrinology,Hall C 370,3070,synth86@ammc.com,Maxicare,"Fortune Life Insurance Co., Inc.",Carehealth Plus,Cocolife Healthcare,Asalus (formerly Intellicare),Medicard,Health Maintenance Inc. (HMI),"AMAPhil, Inc.",Wellcare,,09:30,11:00,,,10:00,12:00,,,,,,,,,,,,,,,,,,,,,,,,,,,,,,,,,,,,,,,,,,,testpassword584
Carlo,Uy,Santos,,Surgery,Surgery,Hall B 646,6046,synth87@ammc.com,Pacific Cross Health Care,Philcare,Maxicare,,,,,,,,,,12:00,17:00,,,,,09:30,12:00,15:00,16:00,,,,,09:30,12:00,,,10:00,12:00,,,,,,,,,,,,,,,,,,,,,,,,,,,clinicuser146
Paz,Garcia,Garcia,,Endocrinology,Endocrinology,Hall C 320,3020,synth88@ammc.com,Cocolife Healthcare,"AMAPhil, Inc.",GetWell Health Systems Inc.,Pacific Cross Health Care,Dynamic Care Corporation,Philcare,"Value Care Health Systems, Inc.",Medocare,Maxicare,"Carewell Health Systems, Inc.",,,,,,,,,09:30,12:00,,,09:00,12:00,,,,,,,,,,,,,,,,,,,,,,,,,,,,,,,,,,,testpassword384
Eduardo,Tan,Cruz,,Gastroenterology,Gastroenterology,Hall A 466,4066,synth89@ammc.com,Avega Managed Care,BenLife Insurance Co. Inc.,"Fortune Life Insurance Co., Inc.",Flexicare,"Value Care Health Systems, Inc.","AMAPhil, Inc.",Health Maintenance Inc. (HMI),"Medicare Plus, Inc.",Health Plan Philippines Inc. (HPPI),Cooperative Health Management Federation,,,,,,,,,,,,,,,,,10:00,12:00,12:00,16:00,09:00,12:00,,,,,,,,,,,,,,,,,,,,,,,,,,,testaccount640
Herminia,Ramos,Santos,,Medicine,Medicine,Hall A 275,2075,synth90@ammc.com,Cooperative Health Management Federation,GetWell Health Systems Inc.,"Carewell Health Systems, Inc.",Wellcare,"AMAPhil, Inc.",Caritas Health Shield,"Medicare Plus, Inc.","Fortune Life Insurance Co., Inc.",,,,,,,,,12:00,17:00,,,,,09:30,12:00,14:00,13:00,,,,,10:00,12:00,12:00,17:00,,,14:00,14:00,,,,,,,12:00,17:00,,,,,10:00,12:00,,,,,,,stafflogin444
Concepcion,Enriquez,Santos,,Medicine,Medicine,Hall A 273,2073,synth91@ammc.com,"Fortune Life Insurance Co., Inc.",EastWest Healthcare,Health Maintenance Inc. (HMI),,,,,,,,,,,,,,,,09:30,12:00,12:00,14:00,09:00,12:00,12:00,17:00,,,,,,,,,,,,,,,,,,,,,,,,,,,,,,,,,clinicuser969
Ronaldo,Mercado,Soriano,,Nephrology,Nephrology,Hall B 283,2083,synth92@ammc.com,"Life & Health HMP, Inc.",Health Plan Philippines Inc. (HPPI),Maxicare,eTIQA (formerly AsianLife),Health Maintenance Inc. (HMI),Flexicare,Caritas Health Shield,Medicard,BenLife Insurance Co. Inc.,,09:30,12:00,15:00,14:00,,,,,,,,,09:00,11:00,12:00,14:00,10:00,12:00,,,10:00,12:00,,,,,,,,,,,,,,,,,,,,,,,,,,,clinicuser240
Leonidas,Rivera,,,Medicine,Medicine,Hall A 250,2050,synth93@ammc.com,Maxicare,Kaiser International Healthcare Group,Wellcare,Carehealth Plus,,,,,,,,,13:00,14:00,,,,,09:30,12:00,,,09:30,11:00,,,,,,,09:30,12:00,12:00,17:00,,,,,,,,,,,,,,,,,,,,,,,,,testpassword893
Renato,Valdez,Reyes,,Dermatology,Dermatology,Hall B 359,3059,synth94@ammc.com,Medocare,Dynamic Care Corporation,Insular Health Care (I-Care),Carehealth Plus,Health Plan Philippines Inc. (HPPI),Avega Managed Care,"Medicare Plus, Inc.",Asalus (formerly Intellicare),,,10:00,12:00,12:00,16:00,,,,,,,,,09:30,12:00,,,,,,,10:00,12:00,12:00,15:00,,,,,,,,,,,,,,,,,,,,,,,,,stafflogin485
Domingo,Medina,Santos,,Dental Medicine,Dental Medicine,Hall C 105,1005,synth95@ammc.com,Health Maintenance Inc. (HMI),BenLife Insurance Co. Inc.,Avega Managed Care,Wellcare,Medicard,Philcare,Cooperative Health Management Federation,,,,,,14:00,16:00,,,,,,,,,09:30,12:00,15:00,16:00,09:30,12:00,,,09:00,12:00,15:00,16:00,,,,,,,,,,,,,,,,,,,,,,,,,testpassword165
Concepcion,Concepcion,Torres,,Otorhinolaryngology,Otorhinolaryngology,Hall A 369,3069,synth96@ammc.com,,,,,,,,,,,10:00,12:00,14:00,14:00,09:30,12:00,,,,,,,,,,,,,,,,,,,,,,,,,,,,,,,,,,,,,,,09:30,12:00,,,clinicuser676
Felicitas,Garcia,,,Ophthalmology,Ophthalmology,Hall B 359,3059,synth97@ammc.com,"AMAPhil, Inc.",GetWell Health Systems Inc.,Cocolife Healthcare,Wellcare,Insular Health Care (I-Care),Health Plan Philippines Inc. (HPPI),Kaiser International Healthcare Group,"Life & Health HMP, Inc.",Pacific Cross Health Care,"Value Care Health Systems, Inc.",,,,,,,,,09:30,12:00,12:00,17:00,09:30,11:00,12:00,17:00,,,,,,,12:00,16:00,,,,,,,,,,,,,,,,,,,,,,,,,testpassword766
Cristina,Espiritu,Cruz,,Emergency Medicine,Emergency Medicine,Hall A 190,1090,synth98@ammc.com,Carehealth Plus,Cocolife Healthcare,Avega Managed Care,Caritas Health Shield,"Fortune Life Insurance Co., Inc.",Insular Health Care (I-Care),Philcare,Wellcare,Kaiser International Healthcare Group,Maxicare,10:00,12:00,12:00,14:00,09:00,12:00,,,10:00,12:00,,,,,,,,,,,10:00,12:00,12:00,14:00,,,,,,,,,,,,,,,,,,,,,,,,,clinicuser998
Maricel,Rivera,Mendoza,,Endocrinology,Endocrinology,Hall C 382,3082,synth99@ammc.com,"Life & Health HMP, Inc.",Cocolife Healthcare,Wellcare,,,,,,,,,,,,10:00,12:00,,,,,,,,,,,10:00,12:00,13:00,14:00,,,,,,,,,,,,,,,,,,,,,,,,,,,,,stafflogin141
Ronaldo,Buenaventura,,,Allergology & Immunology,Allergology & Immunology,Hall A 398,3098,synth100@ammc.com,Maxicare,Philcare,Medocare,"Fortune Life Insurance Co., Inc.",eTIQA (formerly AsianLife),Cocolife Healthcare,Avega Managed Care,Flexicare,,,10:00,12:00,,,10:00,12:00,,,,,,,,,,,,,,,09:00,12:00,12:00,16:00,,,,,,,,,,,15:00,16:00,10:00,12:00,,,09:30,12:00,14:00,16:00,,,,,testaccount628
Concepcion,Delos Reyes,Garcia,,Ophthalmology,Ophthalmology,Hall B 396,3096,synth101@ammc.com,"Medicare Plus, Inc.",Pacific Cross Health Care,GetWell Health Systems Inc.,"Carewell Health Systems, Inc.",,,,,,,,,,,,,,,,,,,09:30,12:00,15:00,16:00,,,15:00,16:00,09:30,12:00,,,10:00,12:00,12:00,17:00,,,,,09:30,12:00,12:00,17:00,,,,,,,,,,,,,stafflogin200
Eduardo,Dela Cruz,Bautista,,Nephrology,Nephrology,Hall B 296,2096,synth102@ammc.com,Medicard,Health Plan Philippines Inc. (HPPI),Carehealth Plus,Pacific Cross Health Care,"Value Care Health Systems, Inc.","Optimum Medical & Healthcare Services, Inc.",Insular Health Care (I-Care),"AMAPhil, Inc.",,,09:30,12:00,14:00,14:00,,,12:00,16:00,,,,,,,15:00,17:00,,,,,,,,,,,,,,,,,10:00,12:00,12:00,14:00,,,,,,,,,,,12:00,17:00,clinicuser292
Estrella,Castillo,Rivera,,Dental Medicine,Dental Medicine,Hall C 130,1030,synth103@ammc.com,,,,,,,,,,,10:00,11:00,,,,,12:00,14:00,,,12:00,14:00,10:00,11:00,12:00,14:00,,,,,,,,,,,,,,,,,,,,,,,,,,,,,,,,,testpassword747
Isabel,Flores,,,Pulmonary Medicine,Pulmonary Medicine,Hall C 388,3088,synth104@ammc.com,Asalus (formerly Intellicare),Medicard,Medocare,,,,,,,,09:30,12:00,,,09:30,11:00,,,,,,,09:30,12:00,,,,,,,,,,,,,,,,,,,,,,,,,,,,,,,,,,,clinicuser310
Gloria,Aguilar,Aquino,,Hematology,Hematology,Hall B 588,5088,synth105@ammc.com,"AMAPhil, Inc.",Avega Managed Care,Kaiser International Healthcare Group,Asalus (formerly Intellicare),"Carewell Health Systems, Inc.","Medicare Plus, Inc.",GetWell Health Systems Inc.,,,,10:00,12:00,15:00,17:00,,,,,,,,,,,,,,,12:00,17:00,,,,,,,,,,,,,,,,,,,,,,,,,,,,,testpassword331
Isabel,Santiago,Cruz,,Allergology & Immunology,Allergology & Immunology,Hall A 321,3021,synth106@ammc.com,Avega Managed Care,"Value Care Health Systems, Inc.",Carehealth Plus,,,,,,,,,,,,,,,,10:00,12:00,12:00,16:00,,,,,09:30,12:00,,,,,,,,,,,,,,,,,,,,,,,,,,,,,,,clinicuser226
Carlo,Domingo,Gonzales,,Neurology,Neurology,Hall B 310,3010,synth107@ammc.com,"Medicare Plus, Inc.",Carehealth Plus,eTIQA (formerly AsianLife),Cooperative Health Management Federation,"AMAPhil, Inc.",GetWell Health Systems Inc.,"Life & Health HMP, Inc.",Cocolife Healthcare,,,,,,,,,,,,,12:00,17:00,,,,,10:00,12:00,12:00,17:00,,,12:00,16:00,,,,,,,,,,,,,,,,,,,,,,,,,stafflogin698
Aida,Tan,,,Anesthesiology,Anesthesiology,Hall B 437,4037,synth108@ammc.com,Kaiser International Healthcare Group,Maxicare,Dynamic Care Corporation,EastWest Healthcare,eTIQA (formerly AsianLife),Philcare,Medicard,GetWell Health Systems Inc.,Health Maintenance Inc. (HMI),"AMAPhil, Inc.",,,,,,,,,10:00,12:00,,,10:00,12:00,,,,,,,,,,,,,,,,,,,,,,,,,,,,,,,,,,,clinicuser308
Eduardo,Ramos,Mendoza,,Medicine,Medicine,Hall A 298,2098,synth109@ammc.com,"AMAPhil, Inc.",Medicard,Dynamic Care Corporation,"Fortune Life Insurance Co., Inc.",,,,,,,09:30,12:00,,,,,,,,,,,10:00,12:00,,,,,,,,,,,,,,,,,,,,,,,,,,,,,,,,,,,testpassword531
Leonidas,Domingo,Garcia,,Otorhinolaryngology,Otorhinolaryngology,Hall A 339,3039,synth110@ammc.com,Health Maintenance Inc. (HMI),"Fortune Life Insurance Co., Inc.",Avega Managed Care,,,,,,,,,,12:00,16:00,10:00,11:00,,,,,,,,,15:00,14:00,09:30,12:00,,,,,,,,,,,,,,,,,,,,,,,,,,,,,,,stafflogin732
Herminia,Dela Torre,Soriano,,Gastroenterology,Gastroenterology,Hall A 498,4098,synth111@ammc.com,Asalus (formerly Intellicare),EastWest Healthcare,Carehealth Plus,"Life & Health HMP, Inc.",Cocolife Healthcare,GetWell Health Systems Inc.,Flexicare,,,,,,,,,,,,10:00,12:00,,,,,,,,,,,09:00,12:00,15:00,14:00,,,,,,,,,,,,,,,,,,,,,,,,,testaccount784
Carlo,Espiritu,Gonzales,,Ophthalmology,Ophthalmology,Hall B 372,3072,synth112@ammc.com,"Carewell Health Systems, Inc.",Caritas Health Shield,"Life & Health HMP, Inc.","Fortune Life Insurance Co., Inc.",eTIQA (formerly AsianLife),Health Plan Philippines Inc. (HPPI),Cocolife Healthcare,BenLife Insurance Co. Inc.,Asalus (formerly Intellicare),Cooperative Health Management Federation,,,,,,,,,09:00,12:00,,,10:00,12:00,,,,,,,10:00,12:00,,,,,,,,,,,,,,,,,,,,,,,,,,,testaccount105
Rosa,Domingo,Garcia,,Emergency Medicine,Emergency Medicine,Hall A 133,1033,synth113@ammc.com,Cocolife Healthcare,Philcare,EastWest Healthcare,"Carewell Health Systems, Inc.",GetWell Health Systems Inc.,Pacific Cross Health Care,,,,,09:30,11:00,12:00,14:00,,,,,10:00,12:00,12:00,13:00,,,,,,,,,10:00,12:00,,,,,,,,,,,,,,,,,,,,,,,,,,,testpassword185
Concepcion,Co,Ramos,,Anesthesiology,Anesthesiology,Hall B 442,4042,synth114@ammc.com,EastWest Healthcare,Asalus (formerly Intellicare),"Life & Health HMP, Inc.",Wellcare,Dynamic Care Corporation,Avega Managed Care,,,,,09:00,11:00,13:00,17:00,,,,,,,,,,,,,10:00,12:00,,,,,,,,,,,,,,,,,,,,,,,,,,,,,,,testpassword807
Renato,Santiago,Bautista,,Pediatrics,Pediatrics,Hall B 405,4005,synth115@ammc.com,Medicard,"Value Care Health Systems, Inc.",Caritas Health Shield,Health Plan Philippines Inc. (HPPI),"Medicare Plus, Inc.",Medocare,,,,,,,,,,,,,,,,,10:00,12:00,,,,,,,10:00,12:00,,,,,,,,,,,,,,,,,,,,,,,,,,,testpassword419
Carlo,Salazar,Gonzales,,Dental Medicine,Dental Medicine,Hall C 176,1076,synth116@ammc.com,Cocolife Healthcare,"AMAPhil, Inc.","Medicare Plus, Inc.",Wellcare,"Carewell Health Systems, Inc.",Medocare,Flexicare,,,,10:00,12:00,14:00,16:00,,,,,,,,,,,,,,,12:00,16:00,10:00,12:00,13:00,17:00,,,,,,,,,,,,,,,,,,,,,,,,,testpassword111
Lourdes,Tolentino,Soriano,,Infectious Diseases,Infectious Diseases,Hall C 492,4092,synth117@ammc.com,Asalus (formerly Intellicare),Medocare,Health Maintenance Inc. (HMI),Flexicare,Pacific Cross Health Care,"AMAPhil, Inc.",,,,,,,15:00,16:00,,,,,,,,,,,15:00,17:00,,,,,,,,,,,,,,,,,10:00,12:00,12:00,14:00,,,,,10:00,12:00,,,09:00,12:00,,,testpassword644
Renato,Uy,,,Allergology & Immunology,Allergology & Immunology,Hall A 396,3096,synth118@ammc.com,"Life & Health HMP, Inc.",Avega Managed Care,"Fortune Life Insurance Co., Inc.","Value Care Health Systems, Inc.",Pacific Cross Health Care,Medocare,,,,,,,,,,,12:00,15:00,,,,,,,,,,,,,09:30,12:00,,,,,,,,,,,,,,,,,,,,,,,,,,,testaccount852
Rowena,Delos Reyes,Gonzales,,Infectious Diseases,Infectious Diseases,Hall C 443,4043,synth119@ammc.com,Philcare,Medicard,GetWell Health Systems Inc.,Medocare,Asalus (formerly Intellicare),Carehealth Plus,BenLife Insurance Co. Inc.,,,,10:00,12:00,,,,,,,,,,,,,13:00,14:00,10:00,12:00,,,10:00,12:00,12:00,14:00,,,,,,,,,,,,,,,,,,,,,,,,,testaccount561
Paz,Medina,Santos,,Nephrology,Nephrology,Hall B 291,2091,synth120@ammc.com,Carehealth Plus,Health Plan Philippines Inc. (HPPI),Medicard,Kaiser International Healthcare Group,Philcare,,,,,,09:30,12:00,13:00,17:00,10:00,12:00,15:00,16:00,09:30,12:00,,,,,,,,,,,,,,,,,,,,,,,,,,,,,,,,,,,,,,,stafflogin824
Resurreccion,Aquino,Cruz,,Cardiology,Cardiology,Hall A 259,2059,synth121@ammc.com,Avega Managed Care,"Fortune Life Insurance Co., Inc.",Cocolife Healthcare,"Life & Health HMP, Inc.",GetWell Health Systems Inc.,,,,,,,,,,10:00,11:00,,,,,,,,,,,,,,,09:30,12:00,,,,,,,,,,,,,,,,,,,,,,,,,,,stafflogin115
Elena,Mercado,Gonzales,,Infectious Diseases,Infectious Diseases,Hall C 431,4031,synth122@ammc.com,Health Plan Philippines Inc. (HPPI),Caritas Health Shield,Kaiser International Healthcare Group,"Medicare Plus, Inc.","Life & Health HMP, Inc.",Medocare,Pacific Cross Health Care,Insular Health Care (I-Care),"Optimum Medical & Healthcare Services, Inc.","Value Care Health Systems, Inc.",09:30,12:00,14:00,17:00,09:30,11:00,14:00,14:00,,,,,,,,,,,,,09:30,12:00,15:00,14:00,,,,,,,,,,,,,,,,,,,,,,,,,testaccount704
Evelyn,Castillo,,,Emergency Medicine,Emergency Medicine,Hall A 157,1057,synth123@ammc.com,Caritas Health Shield,Medocare,Maxicare,,,,,,,,,,,,09:00,11:00,12:00,14:00,,,,,,,,,,,,,10:00,12:00,,,,,,,,,,,,,,,,,,,,,,,,,,,testpassword468
Ricardo,Reyes,Flores,,Dental Medicine,Dental Medicine,Hall C 110,1010,synth124@ammc.com,Cooperative Health Management Federation,GetWell Health Systems Inc.,Carehealth Plus,BenLife Insurance Co. Inc.,Philcare,,,,,,,,,,,,,,,,12:00,14:00,,,,,,,,,,,,,,,,,,,,,,,,,,,,,,,,,,,,,stafflogin170
Ana,Manalo,Cruz,,Otorhinolaryngology,Otorhinolaryngology,Hall A 340,3040,synth125@ammc.com,"Life & Health HMP, Inc.",Wellcare,Pacific Cross Health Care,"Optimum Medical & Healthcare Services, Inc.","Carewell Health Systems, Inc.",,,,,,09:00,12:00,12:00,16:00,10:00,12:00,,,,,,,10:00,12:00,14:00,16:00,10:00,12:00,,,,,,,,,,,,,,,,,,,,,,,,,,,,,,,testaccount755
Miguel,Tolentino,Garcia,,Obstetrics & Gynecology,Obstetrics & Gynecology,Hall C 272,2072,synth126@ammc.com,BenLife Insurance Co. Inc.,EastWest Healthcare,"Fortune Life Insurance Co., Inc.",,,,,,,,,,,,,,,,,,14:00,14:00,09:30,12:00,14:00,15:00,,,,,,,,,,,,,,,,,,,,,,,,,10:00,12:00,,,10:00,11:00,,,testpassword317
Felicitas,Padilla,Soriano,,Otorhinolaryngology,Otorhinolaryngology,Hall A 348,3048,synth127@ammc.com,Pacific Cross Health Care,Cocolife Healthcare,,,,,,,,,,,,,09:30,12:00,12:00,17:00,09:00,12:00,12:00,14:00,,,,,09:00,12:00,15:00,17:00,09:30,12:00,12:00,17:00,,,,,,,,,,,,,,,,,,,,,,,,,stafflogin827
Renato,Salazar,Flores,,Dermatology,Dermatology,Hall B 362,3062,synth128@ammc.com,EastWest Healthcare,Philcare,Health Maintenance Inc. (HMI),Kaiser International Healthcare Group,,,,,,,,,,,,,,,10:00,12:00,,,,,,,09:00,12:00,15:00,15:00,10:00,11:00,14:00,17:00,,,,,,,,,,,,,,,,,,,,,,,,,testpassword220
Estrella,Cruz,Valdez,,Infectious Diseases,Infectious Diseases,Hall C 407,4007,synth129@ammc.com,BenLife Insurance Co. Inc.,Kaiser International Healthcare Group,EastWest Healthcare,Medicard,Health Plan Philippines Inc. (HPPI),Avega Managed Care,GetWell Health Systems Inc.,Asalus (formerly Intellicare),"Optimum Medical & Healthcare Services, Inc.",Cocolife Healthcare,,,,,,,,,,,13:00,16:00,,,,,,,,,10:00,12:00,12:00,17:00,,,,,,,,,,,,,,,,,,,,,,,,,stafflogin744
Gloria,Espiritu,,,Hematology,Hematology,Hall B 535,5035,synth130@ammc.com,eTIQA (formerly AsianLife),,,,,,,,,,10:00,12:00,14:00,16:00,,,,,,,,,,,,,,,15:00,14:00,,,,,,,,,,,,,,,12:00,16:00,10:00,12:00,,,,,,,10:00,12:00,15:00,17:00,testaccount630
Filomeno,Co,Aquino,,Hematology,Hematology,Hall B 551,5051,synth131@ammc.com,Flexicare,GetWell Health Systems Inc.,Philcare,Pacific Cross Health Care,Cooperative Health Management Federation,BenLife Insurance Co. Inc.,"AMAPhil, Inc.",Wellcare,Maxicare,,09:30,12:00,15:00,14:00,,,,,10:00,12:00,,,,,,,,,,,,,,,,,,,,,,,,,,,,,,,,,,,,,,,testaccount742
Domingo,Perez,Aquino,,Allergology & Immunology,Allergology & Immunology,Hall A 387,3087,synth132@ammc.com,BenLife Insurance Co. Inc.,Carehealth Plus,"Medicare Plus, Inc.",Health Maintenance Inc. (HMI),Philcare,Caritas Health Shield,Cooperative Health Management Federation,Maxicare,,,,,15:00,17:00,09:30,12:00,12:00,16:00,10:00,11:00,12:00,17:00,09:30,11:00,15:00,16:00,,,,,,,,,,,,,,,,,,,,,,,,,,,,,,,,,clinicuser700
Ana,Navarro,Gonzales,,Otorhinolaryngology,Otorhinolaryngology,Hall A 352,3052,synth133@ammc.com,BenLife Insurance Co. Inc.,"Life & Health HMP, Inc.",Avega Managed Care,"AMAPhil, Inc.",Asalus (formerly Intellicare),Cocolife Healthcare,Medocare,Caritas Health Shield,,,,,,,,,,,10:00,12:00,12:00,17:00,,,,,10:00,12:00,,,,,,,,,,,,,,,,,,,,,,,,,,,,,,,clinicuser823
Miguel,Domingo,,,Pulmonary Medicine,Pulmonary Medicine,Hall C 309,3009,synth134@ammc.com,"Carewell Health Systems, Inc.",EastWest Healthcare,Avega Managed Care,Pacific Cross Health Care,eTIQA (formerly AsianLife),"Optimum Medical & Healthcare Services, Inc.",Philcare,Flexicare,Health Plan Philippines Inc. (HPPI),Cooperative Health Management Federation,,,,,,,,,10:00,12:00,15:00,13:00,,,,,,,,,,,,,09:30,12:00,15:00,14:00,,,,,,,,,10:00,12:00,12:00,14:00,,,,,09:30,11:00,,,testpassword508
Fernando,Garcia,Bautista,,Infectious Diseases,Infectious Diseases,Hall C 401,4001,synth135@ammc.com,Flexicare,Health Maintenance Inc. (HMI),Cooperative Health Management Federation,"Life & Health HMP, Inc.",,,,,,,10:00,11:00,14:00,16:00,09:30,12:00,,,10:00,12:00,14:00,17:00,,,,,,,,,,,,,,,,,,,,,,,,,,,,,,,,,,,,,stafflogin810
Remedios,Macaraeg,Ramos,,Oncology,Oncology,Hall A 564,5064,synth136@ammc.com,"Carewell Health Systems, Inc.",eTIQA (formerly AsianLife),Carehealth Plus,"Medicare Plus, Inc.",Insular Health Care (I-Care),"AMAPhil, Inc.",Health Plan Philippines Inc. (HPPI),"Optimum Medical & Healthcare Services, Inc.",Medocare,Avega Managed Care,,,,,,,12:00,17:00,,,,,,,,,,,,,,,12:00,13:00,,,,,,,,,,,,,,,,,,,,,,,,,stafflogin539
Soledad,Santos,,,Infectious Diseases,Infectious Diseases,Hall C 439,4039,synth137@ammc.com,GetWell Health Systems Inc.,Cooperative Health Management Federation,EastWest Healthcare,"Life & Health HMP, Inc.",Cocolife Healthcare,,,,,,,,14:00,14:00,,,,,,,,,09:30,12:00,,,09:30,12:00,12:00,14:00,,,,,,,,,,,,,,,,,,,,,,,,,,,,,stafflogin651
Danilo,Evangelista,Mendoza,,Pulmonary Medicine,Pulmonary Medicine,Hall C 366,3066,synth138@ammc.com,Philcare,Pacific Cross Health Care,"Fortune Life Insurance Co., Inc.",eTIQA (formerly AsianLife),Asalus (formerly Intellicare),Cocolife Healthcare,Wellcare,,,,10:00,12:00,15:00,14:00,10:00,12:00,12:00,14:00,,,,,,,,,09:30,12:00,,,,,,,,,,,,,,,,,,,,,,,,,,,,,,,clinicuser731
Ana,Lim,Cruz,,Infectious Diseases,Infectious Diseases,Hall C 457,4057,synth139@ammc.com,eTIQA (formerly AsianLife),GetWell Health Systems Inc.,Avega Managed Care,Caritas Health Shield,Dynamic Care Corporation,,,,,,10:00,11:00,12:00,16:00,,,,,,,12:00,14:00,,,,,,,,,,,12:00,13:00,,,,,,,,,,,,,,,,,,,,,,,,,testpassword323
Maricel,Evangelista,,,Endocrinology,Endocrinology,Hall C 304,3004,synth140@ammc.com,Insular Health Care (I-Care),Maxicare,"Fortune Life Insurance Co., Inc.",eTIQA (formerly AsianLife),EastWest Healthcare,,,,,,,,,,10:00,12:00,12:00,16:00,,,,,09:00,12:00,15:00,16:00,09:30,12:00,,,09:30,12:00,,,,,,,,,,,,,,,,,,,,,,,,,,,stafflogin940
Gregorio,Aquino,Ocampo,,Ophthalmology,Ophthalmology,Hall B 384,3084,synth141@ammc.com,"Fortune Life Insurance Co., Inc.",Pacific Cross Health Care,Wellcare,Philcare,Maxicare,"Life & Health HMP, Inc.",,,,,,,,,09:00,12:00,13:00,17:00,10:00,11:00,12:00,17:00,09:30,12:00,,,10:00,12:00,12:00,17:00,,,,,,,,,,,,,,,,,,,,,,,,,,,,,clinicuser994
Renato,Aguilar,Gonzales,,Infectious Diseases,Infectious Diseases,Hall C 440,4040,synth142@ammc.com,Medocare,Pacific Cross Health Care,Cocolife Healthcare,"AMAPhil, Inc.",,,,,,,09:30,12:00,15:00,14:00,,,,,,,,,,,,,10:00,12:00,,,,,,,,,,,,,,,,,,,,,,,,,,,,,,,stafflogin332
Roberto,Aguilar,Ocampo,,Nephrology,Nephrology,Hall B 287,2087,synth143@ammc.com,Philcare,GetWell Health Systems Inc.,Insular Health Care (I-Care),,,,,,,,09:30,12:00,,,,,,,,,,,10:00,12:00,12:00,14:00,,,,,09:30,12:00,,,,,,,,,,,,,,,,,,,,,,,,,,,testpassword220
Rosa,Buenaventura,Santos,,Allergology & Immunology,Allergology & Immunology,Hall A 380,3080,synth144@ammc.com,"Optimum Medical & Healthcare Services, Inc.",,,,,,,,,,,,14:00,16:00,,,,,,,,,,,,,,,13:00,17:00,09:30,12:00,,,,,,,,,,,,,,,,,,,,,,,,,,,stafflogin818
Aida,Padilla,,,Anesthesiology,Anesthesiology,Hall B 487,4087,synth145@ammc.com,Carehealth Plus,Pacific Cross Health Care,Avega Managed Care,Kaiser International Healthcare Group,Cocolife Healthcare,Caritas Health Shield,,,,,,,,,09:00,12:00,12:00,14:00,10:00,11:00,14:00,13:00,09:30,12:00,13:00,16:00,,,,,10:00,12:00,14:00,17:00,,,,,,,,,,,,,,,,,,,,,,,,,testaccount183
Domingo,Castillo,Valdez,,Orthopedic Surgery,Orthopedic Surgery,Hall C 554,5054,synth146@ammc.com,"Value Care Health Systems, Inc.",Maxicare,Health Plan Philippines Inc. (HPPI),"Medicare Plus, Inc.",eTIQA (formerly AsianLife),BenLife Insurance Co. Inc.,Health Maintenance Inc. (HMI),Asalus (formerly Intellicare),"Fortune Life Insurance Co., Inc.",Pacific Cross Health Care,10:00,12:00,,,,,,,09:00,12:00,15:00,14:00,09:30,11:00,,,,,,,,,,,,,,,,,,,,,,,,,,,,,,,,,,,testaccount600
Rosario,Lim,Flores,,Pediatrics,Pediatrics,Hall B 455,4055,synth147@ammc.com,Wellcare,Health Maintenance Inc. (HMI),"Carewell Health Systems, Inc.","Optimum Medical & Healthcare Services, Inc.",GetWell Health Systems Inc.,Medicard,"Value Care Health Systems, Inc.",,,,,,12:00,14:00,,,,,10:00,12:00,13:00,14:00,,,,,10:00,12:00,,,10:00,12:00,12:00,17:00,,,,,,,,,,,,,,,,,,,,,,,,,clinicuser914
Estrella,Macaraeg,Flores,,Emergency Medicine,Emergency Medicine,Hall A 101,1001,synth148@ammc.com,Cooperative Health Management Federation,Health Maintenance Inc. (HMI),"Life & Health HMP, Inc.",Wellcare,Dynamic Care Corporation,GetWell Health Systems Inc.,EastWest Healthcare,"Optimum Medical & Healthcare Services, Inc.",BenLife Insurance Co. Inc.,Health Plan Philippines Inc. (HPPI),,,,,09:30,12:00,,,,,,,10:00,12:00,12:00,17:00,10:00,11:00,15:00,14:00,,,,,,,,,,,,,,,,,,,,,,,,,,,,,clinicuser795
Victorino,Gonzales,Santos,,Gastroenterology,Gastroenterology,Hall A 480,4080,synth149@ammc.com,Maxicare,Caritas Health Shield,Health Maintenance Inc. (HMI),,,,,,,,,,,,,,,,,,,,09:30,12:00,,,09:30,12:00,12:00,15:00,,,,,,,,,,,,,,,,,,,,,,,,,,,,,clinicuser697
Lourdes,Co,Cruz,,Medicine,Medicine,Hall A 272,2072,synth150@ammc.com,Dynamic Care Corporation,Health Plan Philippines Inc. (HPPI),"Medicare Plus, Inc.",Flexicare,Medocare,Carehealth Plus,eTIQA (formerly AsianLife),GetWell Health Systems Inc.,Kaiser International Healthcare Group,"Carewell Health Systems, Inc.",09:30,12:00,,,09:30,12:00,12:00,17:00,,,,,10:00,12:00,14:00,17:00,10:00,12:00,,,,,,,,,,,,,,,10:00,11:00,15:00,17:00,,,,,,,,,09:30,12:00,15:00,14:00,stafflogin503
Renato,Mercado,Garcia,,Oncology,Oncology,Hall A 514,5014,synth151@ammc.com,"Optimum Medical & Healthcare Services, Inc.",BenLife Insurance Co. Inc.,Carehealth Plus,,,,,,,,09:30,12:00,,,10:00,12:00,12:00,14:00,,,,,,,,,,,,,10:00,12:00,14:00,16:00,,,,,,,,,,,,,,,,,,,,,,,,,clinicuser136
Luz,Enriquez,Flores,,Emergency Medicine,Emergency Medicine,Hall A 190,1090,synth152@ammc.com,"Carewell Health Systems, Inc.",Asalus (formerly Intellicare),Cooperative Health Management Federation,"AMAPhil, Inc.","Value Care Health Systems, Inc.",Carehealth Plus,BenLife Insurance Co. Inc.,"Life & Health HMP, Inc.",,,,,12:00,17:00,,,,,,,,,,,,,,,,,09:00,12:00,,,,,,,,,,,,,,,,,,,,,,,,,,,clinicuser906
Arturo,Aquino,Valdez,,Endocrinology,Endocrinology,Hall C 356,3056,synth153@ammc.com,"Carewell Health Systems, Inc.",Flexicare,,,,,,,,,,,,,10:00,12:00,12:00,14:00,,,,,10:00,12:00,,,,,,,,,,,,,,,,,,,,,,,,,,,,,,,,,,,testaccount627
Filomeno,Castillo,Ocampo,,Infectious Diseases,Infectious Diseases,Hall C 473,4073,synth154@ammc.com,Medicard,,,,,,,,,,,,14:00,14:00,,,,,,,,,,,14:00,17:00,,,,,,,,,,,,,,,,,,,,,,,,,,,,,,,,,testpassword570
Adoracion,Garcia,Rivera,,Dermatology,Dermatology,Hall B 374,3074,synth155@ammc.com,Insular Health Care (I-Care),BenLife Insurance Co. Inc.,EastWest Healthcare,Asalus (formerly Intellicare),Cocolife Healthcare,"Medicare Plus, Inc.",,,,,10:00,12:00,,,09:30,12:00,12:00,17:00,10:00,11:00,15:00,14:00,,,,,,,,,,,,,,,,,,,,,,,,,,,,,,,,,,,,,clinicuser888
Arturo,Aguilar,,,Emergency Medicine,Emergency Medicine,Hall A 123,1023,synth156@ammc.com,Health Plan Philippines Inc. (HPPI),,,,,,,,,,,,,,,,,,,,,,,,,,10:00,11:00,,,10:00,12:00,,,,,12:00,16:00,,,,,10:00,12:00,,,,,,,,,,,,,,,testaccount186
Miguel,Enriquez,Flores,,Hematology,Hematology,Hall B 599,5099,synth157@ammc.com,Dynamic Care Corporation,,,,,,,,,,,,,,,,,,,,14:00,14:00,10:00,12:00,14:00,16:00,,,,,,,,,,,,,,,,,,,,,,,,,,,,,,,,,clinicuser783
Arturo,Flores,Flores,,Pulmonary Medicine,Pulmonary Medicine,Hall C 371,3071,synth158@ammc.com,eTIQA (formerly AsianLife),Cocolife Healthcare,"Carewell Health Systems, Inc.",Philcare,,,,,,,,,,,10:00,11:00,,,,,,,,,,,,,,,09:30,12:00,12:00,14:00,,,,,,,,,,,,,,,,,,,,,,,,,testpassword552
Cristina,Sy,Ramos,,Dermatology,Dermatology,Hall B 329,3029,synth159@ammc.com,Wellcare,Dynamic Care Corporation,Flexicare,"Fortune Life Insurance Co., Inc.",Health Maintenance Inc. (HMI),Caritas Health Shield,,,,,10:00,12:00,,,10:00,12:00,,,10:00,11:00,12:00,14:00,,,,,,,,,10:00,12:00,,,,,,,,,,,,,,,,,,,,,,,,,,,testaccount663
Ramon,Guerrero,Bautista,,Obstetrics & Gynecology,Obstetrics & Gynecology,Hall C 204,2004,synth160@ammc.com,"Life & Health HMP, Inc.",Kaiser International Healthcare Group,Insular Health Care (I-Care),"Medicare Plus, Inc.",Wellcare,Avega Managed Care,Medocare,,,,,,,,10:00,12:00,15:00,14:00,,,,,,,,,09:30,11:00,13:00,15:00,,,,,,,,,,,,,,,,,,,,,,,,,,,,,stafflogin897
Adoracion,Guerrero,,,Orthopedic Surgery,Orthopedic Surgery,Hall C 546,5046,synth161@ammc.com,Maxicare,Medocare,"Value Care Health Systems, Inc.",eTIQA (formerly AsianLife),Kaiser International Healthcare Group,"Fortune Life Insurance Co., Inc.",Health Maintenance Inc. (HMI),,,,,,,,09:30,12:00,12:00,13:00,,,,,,,13:00,14:00,,,,,,,,,,,,,,,,,,,,,,,,,,,,,,,,,testaccount402
Luz,Mendoza,Mendoza,,Obstetrics & Gynecology,Obstetrics & Gynecology,Hall C 253,2053,synth162@ammc.com,,,,,,,,,,,,,,,,,,,,,,,10:00,12:00,,,09:30,12:00,,,,,,,10:00,12:00,,,,,,,09:00,11:00,12:00,16:00,,,,,,,,,10:00,12:00,12:00,14:00,testaccount723
Cecilia,Dela Vega,Garcia,,Radiology,Radiology,Hall A 258,2058,synth163@ammc.com,EastWest Healthcare,Insular Health Care (I-Care),Philcare,Avega Managed Care,Flexicare,"Value Care Health Systems, Inc.",GetWell Health Systems Inc.,,,,09:30,11:00,,,,,,,,,,,,,,,,,,,,,,,,,,,,,,,,,,,,,,,,,,,,,,,testpassword801
Leonidas,Dela Torre,Mendoza,,Oncology,Oncology,Hall A 556,5056,synth164@ammc.com,Flexicare,Health Plan Philippines Inc. (HPPI),Health Maintenance Inc. (HMI),Avega Managed Care,Carehealth Plus,"Value Care Health Systems, Inc.",Cooperative Health Management Federation,eTIQA (formerly AsianLife),Insular Health Care (I-Care),Medicard,,,,,10:00,11:00,,,,,,,10:00,12:00,12:00,16:00,,,,,,,14:00,17:00,,,,,,,,,,,,,,,,,,,,,,,,,stafflogin762
Roberto,Salazar,Valdez,,Gastroenterology,Gastroenterology,Hall A 438,4038,synth165@ammc.com,Pacific Cross Health Care,Philcare,Health Maintenance Inc. (HMI),Health Plan Philippines Inc. (HPPI),Cocolife Healthcare,Flexicare,GetWell Health Systems Inc.,Asalus (formerly Intellicare),Maxicare,,,,,,10:00,12:00,,,10:00,11:00,14:00,14:00,10:00,12:00,15:00,14:00,,,,,,,,,,,,,,,,,,,,,,,,,,,,,,,,,testpassword733
Milagros,Reyes,Reyes,,Cardiology,Cardiology,Hall A 204,2004,synth166@ammc.com,Caritas Health Shield,Dynamic Care Corporation,Insular Health Care (I-Care),"Life & Health HMP, Inc.",Flexicare,"AMAPhil, Inc.","Value Care Health Systems, Inc.",,,,,,,,,,12:00,17:00,,,,,,,,,,,,,10:00,12:00,,,,,,,,,,,,,,,,,,,,,,,,,,,testaccount116
Paz,Dela Vega,Torres,,Cardiology,Cardiology,Hall A 222,2022,synth167@ammc.com,Medicard,,,,,,,,,,,,,,,,,,09:30,12:00,12:00,16:00,10:00,12:00,,,10:00,12:00,,,10:00,11:00,,,,,,,,,,,,,,,,,,,,,,,,,,,testpassword101
Carlo,Lim,Aquino,,Obstetrics & Gynecology,Obstetrics & Gynecology,Hall C 274,2074,synth168@ammc.com,"Carewell Health Systems, Inc.",BenLife Insurance Co. Inc.,"Value Care Health Systems, Inc.",Kaiser International Healthcare Group,"AMAPhil, Inc.",,,,,,10:00,12:00,13:00,16:00,,,,,09:00,12:00,,,,,,,,,,,,,,,,,,,,,,,,,,,,,,,,,,,,,,,stafflogin749
Leonidas,Bernardo,Aquino,,Pulmonary Medicine,Pulmonary Medicine,Hall C 321,3021,synth169@ammc.com,Avega Managed Care,"Value Care Health Systems, Inc.","Life & Health HMP, Inc.",,,,,,,,,,,,09:30,11:00,,,,,12:00,14:00,09:30,12:00,,,09:30,12:00,15:00,17:00,,,,,10:00,12:00,14:00,14:00,,,,,,,,,,,,,,,,,10:00,12:00,12:00,16:00,stafflogin116
Felicitas,Navarro,Ramos,,Hematology,Hematology,Hall B 568,5068,synth170@ammc.com,Medocare,Avega Managed Care,eTIQA (formerly AsianLife),BenLife Insurance Co. Inc.,,,,,,,,,,,,,,,,,,,,,,,,,14:00,16:00,09:30,12:00,15:00,14:00,,,,,,,,,,,,,,,,,,,,,,,,,clinicuser256
Adoracion,Aguilar,,,Pediatrics,Pediatrics,Hall B 449,4049,synth171@ammc.com,"Optimum Medical & Healthcare Services, Inc.",Pacific Cross Health Care,"AMAPhil, Inc.",Medocare,Health Maintenance Inc. (HMI),EastWest Healthcare,Dynamic Care Corporation,"Fortune Life Insurance Co., Inc.",Health Plan Philippines Inc. (HPPI),,,,,,,,,,,,,,10:00,12:00,12:00,17:00,,,,,10:00,12:00,,,,,,,,,,,,,,,,,,,,,,,,,,,testaccount887
Maricel,Santiago,Castillo,,Neurology,Neurology,Hall B 327,3027,synth172@ammc.com,"Medicare Plus, Inc.",Carehealth Plus,Health Maintenance Inc. (HMI),GetWell Health Systems Inc.,BenLife Insurance Co. Inc.,Kaiser International Healthcare Group,"Optimum Medical & Healthcare Services, Inc.",Caritas Health Shield,,,10:00,12:00,14:00,17:00,,,,,09:30,12:00,,,09:30,12:00,12:00,17:00,10:00,12:00,12:00,17:00,,,,,,,,,,,,,,,,,,,,,,,,,,,,,stafflogin604
Manuel,Villanueva,,,Obstetrics & Gynecology,Obstetrics & Gynecology,Hall C 287,2087,synth173@ammc.com,EastWest Healthcare,Avega Managed Care,"Value Care Health Systems, Inc.",Carehealth Plus,"Medicare Plus, Inc.",Kaiser International Healthcare Group,Flexicare,"Life & Health HMP, Inc.",,,09:30,12:00,12:00,14:00,,,,,,,,,,,,,09:30,12:00,,,,,,,,,,,,,,,,,,,,,,,,,,,,,,,testaccount759
Corazon,Reyes,Rivera,,Cardiology,Cardiology,Hall A 258,2058,synth174@ammc.com,,,,,,,,,,,10:00,12:00,,,,,,,,,,,10:00,12:00,,,,,,,,,,,,,,,,,,,,,,,,,,,,,,,,,,,clinicuser120
Manuel,Enriquez,Castillo,,Nephrology,Nephrology,Hall B 279,2079,synth175@ammc.com,Flexicare,Cooperative Health Management Federation,Health Maintenance Inc. (HMI),Asalus (formerly Intellicare),Kaiser International Healthcare Group,Carehealth Plus,eTIQA (formerly AsianLife),Wellcare,,,,,,,10:00,11:00,,,,,,,09:30,12:00,12:00,14:00,,,,,,,,,,,,,,,,,,,,,,,,,,,,,,,,,testpassword702
Eugenio,Dela Vega,,,Neurology,Neurology,Hall B 311,3011,synth176@ammc.com,GetWell Health Systems Inc.,"Life & Health HMP, Inc.",Cooperative Health Management Federation,Avega Managed Care,eTIQA (formerly AsianLife),EastWest Healthcare,Health Maintenance Inc. (HMI),Insular Health Care (I-Care),Asalus (formerly Intellicare),Health Plan Philippines Inc. (HPPI),,,,,09:30,12:00,12:00,17:00,,,15:00,17:00,,,,,,,,,,,,,,,,,,,,,,,,,,,,,,,,,,,,,clinicuser401
Evelyn,Cruz,Rivera,,Emergency Medicine,Emergency Medicine,Hall A 109,1009,synth177@ammc.com,Cooperative Health Management Federation,Kaiser International Healthcare Group,Caritas Health Shield,Asalus (formerly Intellicare),"Value Care Health Systems, Inc.",BenLife Insurance Co. Inc.,Pacific Cross Health Care,,,,,,,,,,,,09:00,12:00,,,,,,,09:30,12:00,12:00,16:00,09:30,12:00,14:00,17:00,,,,,,,,,,,,,,,,,,,,,,,,,testaccount711
Juan,Aguilar,Garcia,,Hematology,Hematology,Hall B 579,5079,synth178@ammc.com,"Life & Health HMP, Inc.",Kaiser International Healthcare Group,Health Plan Philippines Inc. (HPPI),Medicard,"Value Care Health Systems, Inc.","AMAPhil, Inc.",Health Maintenance Inc. (HMI),"Optimum Medical & Healthcare Services, Inc.",,,09:30,12:00,,,,,14:00,16:00,10:00,12:00,,,,,,,09:00,11:00,,,,,,,,,,,,,,,,,,,10:00,12:00,14:00,14:00,,,,,09:30,12:00,12:00,16:00,clinicuser382
Florencio,Garcia,Bautista,,Otorhinolaryngology,Otorhinolaryngology,Hall A 399,3099,synth179@ammc.com,,,,,,,,,,,10:00,12:00,15:00,16:00,,,,,09:30,12:00,,,,,12:00,13:00,,,,,09:30,12:00,13:00,16:00,,,,,,,,,,,,,,,,,,,,,,,,,stafflogin449
Isabel,Domingo,Aquino,,Obstetrics & Gynecology,Obstetrics & Gynecology,Hall C 279,2079,synth180@ammc.com,"Fortune Life Insurance Co., Inc.",Health Maintenance Inc. (HMI),Philcare,"Life & Health HMP, Inc.",Flexicare,,,,,,,,,,,,,,10:00,12:00,,,,,,,10:00,12:00,,,,,,,,,,,,,,,,,,,,,,,,,,,,,,,testaccount131
Rowena,Reyes,Cruz,,Anesthesiology,Anesthesiology,Hall B 485,4085,synth181@ammc.com,,,,,,,,,,,,,,,,,,,,,,,10:00,11:00,,,,,,,09:00,12:00,14:00,17:00,,,,,,,,,,,,,,,,,,,,,,,,,testaccount422
Natividad,Jimenez,,,Otorhinolaryngology,Otorhinolaryngology,Hall A 362,3062,synth182@ammc.com,Cocolife Healthcare,Cooperative Health Management Federation,eTIQA (formerly AsianLife),Health Maintenance Inc. (HMI),Kaiser International Healthcare Group,,,,,,10:00,12:00,12:00,17:00,,,,,10:00,12:00,12:00,16:00,,,,,09:30,12:00,,,09:30,12:00,,,,,,,,,,,,,,,,,,,,,,,,,,,stafflogin948
Ronaldo,Padilla,,,Endocrinology,Endocrinology,Hall C 370,3070,synth183@ammc.com,Asalus (formerly Intellicare),Medocare,Avega Managed Care,"Medicare Plus, Inc.",,,,,,,,,,,10:00,12:00,,,,,,,10:00,12:00,15:00,15:00,,,,,,,,,,,,,,,,,,,,,,,,,,,,,,,,,stafflogin294
Isabel,Santos,Ocampo,,Allergology & Immunology,Allergology & Immunology,Hall A 359,3059,synth184@ammc.com,Avega Managed Care,BenLife Insurance Co. Inc.,GetWell Health Systems Inc.,Cocolife Healthcare,Medocare,,,,,,09:30,12:00,14:00,16:00,,,,,,,12:00,17:00,,,,,09:30,12:00,,,,,,,,,,,,,,,,,,,,,,,,,,,,,,,testpassword536
Estrella,Mendoza,Cruz,,Orthopedic Surgery,Orthopedic Surgery,Hall C 541,5041,synth185@ammc.com,"Fortune Life Insurance Co., Inc.",Maxicare,"Value Care Health Systems, Inc.",Medocare,Flexicare,Philcare,EastWest Healthcare,Health Plan Philippines Inc. (HPPI),,,,,,,10:00,12:00,12:00,17:00,10:00,12:00,,,,,,,,,,,09:30,12:00,,,09:30,12:00,13:00,16:00,,,,,,,,,10:00,12:00,,,09:30,12:00,12:00,17:00,,,,,stafflogin324
Ramon,Bernardo,,,Medicine,Medicine,Hall A 213,2013,synth186@ammc.com,,,,,,,,,,,,,,,10:00,12:00,,,09:30,12:00,,,,,,,10:00,12:00,,,,,,,10:00,12:00,12:00,17:00,,,,,,,,,09:00,12:00,,,,,,,,,,,testpassword352
Leonidas,Mendoza,Reyes,,Otorhinolaryngology,Otorhinolaryngology,Hall A 320,3020,synth187@ammc.com,"Carewell Health Systems, Inc.",Medocare,Maxicare,Insular Health Care (I-Care),Pacific Cross Health Care,Kaiser International Healthcare Group,Health Plan Philippines Inc. (HPPI),Medicard,"Life & Health HMP, Inc.",EastWest Healthcare,,,,,09:30,11:00,,,10:00,12:00,,,10:00,12:00,15:00,17:00,,,,,,,,,,,,,,,,,,,,,,,,,,,,,,,,,stafflogin172
Florencio,Cruz,Gonzales,,Otorhinolaryngology,Otorhinolaryngology,Hall A 373,3073,synth188@ammc.com,Medicard,"Optimum Medical & Healthcare Services, Inc.","Value Care Health Systems, Inc.",Insular Health Care (I-Care),Health Plan Philippines Inc. (HPPI),"Life & Health HMP, Inc.",Health Maintenance Inc. (HMI),Medocare,"Fortune Life Insurance Co., Inc.",Caritas Health Shield,,,,,,,,,,,,,,,,,09:00,12:00,,,09:30,12:00,12:00,17:00,,,,,,,,,,,,,,,,,,,,,,,,,stafflogin400
Paz,Tan,Bautista,,Dermatology,Dermatology,Hall B 361,3061,synth189@ammc.com,Asalus (formerly Intellicare),"Value Care Health Systems, Inc.",BenLife Insurance Co. Inc.,Medocare,Kaiser International Healthcare Group,Maxicare,Pacific Cross Health Care,"Carewell Health Systems, Inc.",,,,,,,,,,,10:00,12:00,12:00,17:00,09:30,12:00,,,10:00,12:00,,,,,,,,,,,,,,,,,,,,,,,,,,,,,,,stafflogin602
Paz,Manalo,,,Hematology,Hematology,Hall B 559,5059,synth190@ammc.com,"Life & Health HMP, Inc.",Insular Health Care (I-Care),Philcare,Flexicare,Medocare,eTIQA (formerly AsianLife),Cocolife Healthcare,Health Maintenance Inc. (HMI),,,10:00,12:00,14:00,13:00,09:30,12:00,12:00,17:00,,,13:00,14:00,,,,,,,,,10:00,12:00,,,,,,,,,,,,,,,09:30,12:00,12:00,15:00,,,15:00,14:00,,,,,testaccount963
Estrella,Navarro,Castillo,,Allergology & Immunology,Allergology & Immunology,Hall A 396,3096,synth191@ammc.com,"Life & Health HMP, Inc.",,,,,,,,,,,,12:00,16:00,,,,,,,,,09:30,12:00,,,,,,,09:00,11:00,15:00,14:00,,,,,09:30,12:00,,,09:30,12:00,,,,,,,10:00,12:00,,,,,,,testpassword985
Cristina,Macaraeg,Castillo,,Allergology & Immunology,Allergology & Immunology,Hall A 342,3042,synth192@ammc.com,,,,,,,,,,,,,,,,,,,,,,,,,,,,,,,09:30,12:00,12:00,14:00,,,,,,,,,,,,,,,,,,,,,,,,,testaccount773
Filomeno,Gonzales,Soriano,,Emergency Medicine,Emergency Medicine,Hall A 111,1011,synth193@ammc.com,Carehealth Plus,"Value Care Health Systems, Inc.",Avega Managed Care,Philcare,Health Plan Philippines Inc. (HPPI),Wellcare,Cooperative Health Management Federation,Asalus (formerly Intellicare),,,,,,,,,,,,,,,,,,,,,,,09:30,12:00,,,,,,,,,,,,,,,,,,,,,,,,,,,testpassword119
Amador,Flores,,,Radiology,Radiology,Hall A 207,2007,synth194@ammc.com,Medicard,"AMAPhil, Inc.",Avega Managed Care,Medocare,"Fortune Life Insurance Co., Inc.",GetWell Health Systems Inc.,Cooperative Health Management Federation,,,,09:30,11:00,,,,,,,,,,,,,,,09:30,12:00,12:00,17:00,,,,,,,,,,,,,,,,,,,,,,,,,,,,,testpassword177
Natividad,Lim,Santos,,Surgery,Surgery,Hall B 696,6096,synth195@ammc.com,Health Plan Philippines Inc. (HPPI),"Medicare Plus, Inc.",,,,,,,,,,,,,09:30,12:00,,,,,,,,,,,10:00,12:00,,,,,,,,,,,,,,,,,,,,,,,,,,,,,,,testpassword309
Manuel,Manalo,Santos,,Infectious Diseases,Infectious Diseases,Hall C 427,4027,synth196@ammc.com,Caritas Health Shield,Wellcare,Cooperative Health Management Federation,eTIQA (formerly AsianLife),BenLife Insurance Co. Inc.,Health Maintenance Inc. (HMI),Health Plan Philippines Inc. (HPPI),,,,,,,,09:30,12:00,14:00,17:00,,,,,09:30,12:00,,,09:30,12:00,12:00,14:00,,,,,10:00,12:00,12:00,17:00,,,,,09:30,12:00,12:00,14:00,,,,,,,,,,,,,testpassword588
Maria,Ramos,Castillo,,Hematology,Hematology,Hall B 518,5018,synth197@ammc.com,Wellcare,Cooperative Health Management Federation,GetWell Health Systems Inc.,"Fortune Life Insurance Co., Inc.",Asalus (formerly Intellicare),Insular Health Care (I-Care),Flexicare,Kaiser International Healthcare Group,eTIQA (formerly AsianLife),,,,,,09:30,12:00,14:00,16:00,09:00,12:00,15:00,17:00,,,,,09:00,12:00,,,,,,,,,,,,,,,,,,,,,,,,,,,,,,,testaccount199
Soledad,Buenaventura,,,Nephrology,Nephrology,Hall B 262,2062,synth198@ammc.com,Medicard,Medocare,Kaiser International Healthcare Group,BenLife Insurance Co. Inc.,Cooperative Health Management Federation,Flexicare,Philcare,Health Plan Philippines Inc. (HPPI),Health Maintenance Inc. (HMI),,,,,,,,,,10:00,12:00,12:00,17:00,,,,,09:30,12:00,,,,,,,,,,,,,,,,,,,,,,,,,,,,,,,clinicuser606
Resurreccion,Buenaventura,Flores,,Pediatrics,Pediatrics,Hall B 424,4024,synth199@ammc.com,BenLife Insurance Co. Inc.,"Medicare Plus, Inc.",Health Maintenance Inc. (HMI),Philcare,Avega Managed Care,Cooperative Health Management Federation,,,,,,,,,,,,,10:00,12:00,12:00,17:00,09:30,11:00,,,,,,,09:30,12:00,12:00,17:00,,,,,,,,,,,,,,,,,,,,,,,,,testpassword686
Rodolfo,Aquino,Bautista,,Infectious Diseases,Infectious Diseases,Hall C 402,4002,synth200@ammc.com,,,,,,,,,,,10:00,12:00,,,,,,,09:00,12:00,,,,,,,,,,,,,14:00,16:00,,,,,,,,,,,,,,,,,,,,,,,,,testaccount964
